"";"p_val";"avg_log2FC";"pct.1";"pct.2";"p_val_adj"
"Wfdc18";3,77481031366854e-132;2,5989468654975;0,989;0,506;5,82000254161416e-128
"Car2";3,28802229395636e-124;2,04105406220486;0,918;0,337;5,06947277282192e-120
"Tnf";1,65739196120918e-120;0,733983646175615;0,272;0,015;2,55536692579232e-116
"Gjb2";2,87577992744364e-119;1,54182135005309;0,767;0,193;4,43387749213261e-115
"Cebpb";7,99075193357176e-116;2,20996421319957;0,975;0,641;1,23201413311809e-111
"Krt8";7,09522219969564e-109;2,28185107192781;1;0,952;1,09394135874907e-104
"Esp4";7,55400867443064e-109;1,6105693586793;0,713;0,163;1,16467705742372e-104
"Krt18";1,16706708030661e-107;2,05664659303193;1;0,983;1,79938402441674e-103
"Rhov";1,68121877464454e-107;0,925808050704428;0,581;0,112;2,59210310674695e-103
"Aox3";1,27079306399098e-105;0,862641957412461;0,624;0,122;1,95930874606129e-101
"Cxcl1";2,323198101808e-105;2,7308476865168;0,53;0,099;3,58190683336758e-101
"Actb";1,35529443041854e-103;1,91683413962133;1;0,976;2,08959295281931e-99
"Actg1";9,43159839871281e-99;1,76421350887369;1;0,976;1,45416384111354e-94
"Pir";7,1489034295448e-97;0,767811186847918;0,516;0,091;1,10221793076722e-92
"Tm4sf1";3,31453691547594e-93;1,82929545786903;0,48;0,086;5,11035301628081e-89
"Ctsh";1,56583056822122e-87;1,28051457106663;0,9;0,424;2,41419757008348e-83
"Jund";8,67887251092141e-87;1,42966405638943;1;0,959;1,33810856373386e-82
"Ier3";3,69907473359138e-85;2,18008686451054;0,978;0,713;5,70323342425119e-81
"Clu";4,89248943236858e-85;1,96992642073582;0,835;0,34;7,54324020682587e-81
"Hspb8";9,04495461694437e-85;1,39333760424665;0,81;0,322;1,39455110284048e-80
"Ceacam1";2,23893964188237e-83;1,24404397076254;0,789;0,308;3,45199713985424e-79
"Tmem176b";6,36335720925793e-77;1,49444892051274;0,975;0,782;9,81102414523387e-73
"Myl12a";1,17582859820098e-76;1,3141065010889;0,978;0,806;1,81289253270628e-72
"Junb";2,13303721540214e-76;1,55710808637266;0,996;0,873;3,28871677870701e-72
"Cyba";1,12850995710993e-75;1,07283023152779;0,835;0,345;1,7399366518721e-71
"Klf6";4,21730966906563e-75;1,6104464981882;0,993;0,774;6,50224804776539e-71
"Cd24a";1,42131953428531e-74;1,1365994235865;0,993;0,927;2,19139045796109e-70
"Palmd";2,22389491277172e-73;1,33047950796293;0,91;0,565;3,42880117651144e-69
"Sdc4";9,97154223475295e-73;1,45179322607129;0,993;0,894;1,53741238175421e-68
"Zfp36";1,72307179848547e-72;1,63916477107015;0,971;0,742;2,6566320989049e-68
"Tspan33";2,80774301854375e-72;0,601096376177076;0,509;0,117;4,32897818599076e-68
"Cldn4";1,62406108392692e-71;1,63534993891909;0,978;0,793;2,50397737919852e-67
"Ccnd1";1,10636857168421e-70;1,27054840869532;0,692;0,234;1,70579906382271e-66
"Ppp1r15a";5,29378138872291e-69;1,35237836600296;0,935;0,568;8,16195214513299e-65
"Esp18";1,12395568914974e-67;2,11882277484158;0,516;0,139;1,73291488153107e-63
"Myl6";1,98825648982169e-67;1,01290993525435;0,996;0,954;3,06549385600708e-63
"Mgst1";7,11903824485347e-67;1,16483025009552;0,796;0,33;1,09761331659151e-62
"Csrp1";1,81008037874946e-66;1,81094884840683;0,821;0,466;2,79078192795592e-62
"Barx2";2,54891014817655e-66;1,06063873077607;0,817;0,382;3,9299096664586e-62
"Egr1";4,17063484105235e-66;1,61762880058046;0,961;0,735;6,43028479793452e-62
"Klf7";4,70931365889715e-66;1,10109674980527;0,556;0,165;7,26081979928762e-62
"Tmem176a";5,81211528010352e-66;1,31121032456781;0,928;0,614;8,96111933886361e-62
"Arid5b";1,17894180886903e-65;1,46466826700344;0,889;0,518;1,81769248091427e-61
"Pnrc1";6,16105339375141e-64;1,08471398084063;0,978;0,877;9,49911212248592e-60
"Dclk1";2,27766386096413e-63;0,651349758206185;0,459;0,106;3,51170214083449e-59
"Cldn3";2,96786037732693e-63;1,1858292896053;0,996;0,867;4,57584712976267e-59
"Ccn1";2,23358795934419e-62;1,66538864827947;0,731;0,298;3,44374591571687e-58
"H3f3b";6,62885132669835e-62;1,2544315245013;1;0,982;1,02203629755035e-57
"Clic1";8,00288842116081e-62;1,02426140167429;0,968;0,805;1,23388533677457e-57
"Cdo1";1,42023450376698e-61;1,16333204517349;0,796;0,369;2,18971755790793e-57
"Cyp2f2";4,45329568990339e-61;1,169429043176;0,996;0,747;6,86609129469305e-57
"Elf5";5,19114132614351e-61;0,962624547791853;0,792;0,35;8,00370169664806e-57
"Net1";6,90152837085237e-61;0,814049522617308;0,613;0,208;1,06407764421802e-56
"Btg2";1,74167548203443e-59;1,33479224221406;0,993;0,88;2,68531525820068e-55
"Tuba1c";6,3812951298197e-59;1,34781283831086;0,864;0,541;9,83868083115601e-55
"Ehf";3,63819035011926e-58;1,00760616358101;0,975;0,764;5,60936188181387e-54
"Gpx4";3,92651153971466e-58;0,942055443723158;0,996;0,963;6,05389549193206e-54
"Fosb";6,69488042394913e-58;1,36690064466857;0,939;0,666;1,03221666376448e-53
"Gadd45b";1,57841353303612e-57;1,41318672294452;0,953;0,69;2,43359798523509e-53
"Aldoc";6,28911076342134e-57;0,75463192258785;0,609;0,206;9,69655097504302e-53
"Ces1d";7,30257716931213e-57;0,885829739237947;0,953;0,531;1,12591134796454e-52
"Epcam";6,32725073090985e-56;0,942978717130881;1;0,951;9,7553551769168e-52
"Cxcl2";2,96660817554636e-55;1,38704491327196;0,147;0,01;4,57391648505738e-51
"Krt23";1,22318630011096e-54;1,61957407233287;0,885;0,706;1,88590863751108e-50
"Tmsb4x";1,63538633603711e-54;1,20174150263773;1;0,993;2,52143865290202e-50
"Arf2";1,90754917900526e-53;0,591662124670993;0,394;0,095;2,94105932419031e-49
"Atf3";1,47722668924652e-51;1,46308381078592;0,986;0,798;2,27758810948029e-47
"Wwtr1";1,55764220125588e-51;0,676062557818127;0,613;0,227;2,40157274589632e-47
"Ano1";2,31401973354899e-51;0,636626095606364;0,487;0,143;3,56775562518584e-47
"Taldo1";1,17523871458735e-50;0,884750983281795;0,993;0,947;1,81198305015077e-46
"Maff";4,11721680314138e-50;1,42093459984337;0,817;0,465;6,34792486708338e-46
"Atp2a3";5,10680752265358e-50;-0,99025024733998;0,344;0,772;7,87367583842729e-46
"Nkd2";4,2488978085597e-49;0,67677285526228;0,462;0,135;6,55095064123735e-45
"Nr4a1";6,14681881091194e-49;1,2520413121673;0,778;0,407;9,47716524266402e-45
"Fth1";8,30382619906176e-49;0,809848589880147;1;0,988;1,28028392337134e-44
"Ube2s";1,80010964662475e-48;1,03878662771933;0,921;0,718;2,77540905316604e-44
"Anxa1";2,58861264802101e-48;1,48888148334141;0,975;0,846;3,99112298071879e-44
"Fads2";9,59008536866194e-48;0,493052759016712;0,323;0,069;1,4785993621403e-43
"Perp";2,03002761434272e-47;0,836577669819556;0,946;0,766;3,1298965757936e-43
"Ubc";6,64087700631324e-47;1,0691711433039;1;0,97;1,02389041683338e-42
"Zfp36l1";1,23332527012451e-46;1,37638474154587;0,86;0,647;1,90154090147796e-42
"Glul";3,94026155906535e-46;0,960038095927768;0,943;0,772;6,07509527176695e-42
"Thbs1";4,03158546136579e-46;1,58302256415891;0,48;0,158;6,21589846433378e-42
"S100a11";5,07129456531648e-46;0,932979643364424;0,993;0,895;7,81892196080495e-42
"Edn1";6,8836918863085e-46;1,74129439462752;0,616;0,269;1,06132761503104e-41
"Cxcl17";4,56882065890294e-45;0,823880947585625;0,993;0,771;7,04420769189655e-41
"Ftl1";6,97911304778785e-45;0,986155355676427;1;0,976;1,07603964970793e-40
"Anxa2";8,54544326588794e-45;1,10681978842278;0,846;0,555;1,3175364427346e-40
"mt-Co1";1,99915513937103e-44;-0,795374658768734;1;1;3,08229739388226e-40
"Psmb8";3,7859312444869e-44;0,802136418477616;0,724;0,356;5,8371487927499e-40
"Rhob";4,50817793790608e-44;1,12871102165226;0,835;0,517;6,95070874466359e-40
"Gfra3";4,8249102784884e-44;0,304672015914653;0,204;0,03;7,43904666737342e-40
"Rab11fip1";8,59457557603612e-44;0,800846277918903;0,563;0,227;1,32511166231325e-39
"Il34";9,62031234696346e-44;0,47013924673787;0,358;0,091;1,48325975765483e-39
"Clic6";2,65380564768371e-43;0,297832386824723;0,229;0,038;4,09163754759874e-39
"Dbndd2";3,54670649279812e-43;0,823597945887627;0,656;0,313;5,46831207059614e-39
"Gsta3";7,61509936265181e-43;0,586689650385093;0,423;0,125;1,17409601973366e-38
"Wnt5b";1,04474827239864e-42;0,36741058427666;0,305;0,067;1,61079288638422e-38
"Mcl1";1,19582108689152e-42;0,823422093428459;0,935;0,727;1,84371695176935e-38
"Bst1";1,03627329235712e-41;0,349667191972766;0,233;0,041;1,59772616215621e-37
"Cfl1";1,27875019790407e-40;0,910960371980291;0,943;0,79;1,9715770551285e-36
"Acot1";1,40811362446206e-40;0,688565016553375;0,71;0,329;2,17102958619561e-36
"Marcksl1";7,27189811239086e-40;0,886847835526308;0,566;0,239;1,12118125096842e-35
"Gmds";1,71233125463686e-39;0,741521957220076;0,674;0,34;2,64007232839911e-35
"mt-Nd4";1,93861537582579e-39;-0,864071444513443;1;1;2,9889571864482e-35
"Skil";4,37329722828698e-39;0,685899395572949;0,67;0,317;6,74274966657286e-35
"Hp";8,48015240766537e-39;1,20058804168426;0,566;0,226;1,30746989821385e-34
"Nfkbia";3,04970375725417e-38;0,94942655963711;0,9;0,692;4,70203325293448e-34
"Anxa3";3,75193621239513e-38;0,667648406415088;0,638;0,29;5,7847352522708e-34
"Cxcl16";4,6807902546693e-38;0,831854302673829;0,735;0,397;7,21684241464913e-34
"Myadm";9,99435669343216e-38;0,495560884115842;0,409;0,134;1,54092991499337e-33
"mt-Co3";1,29415135008149e-37;-0,786337300413507;1;1;1,99532255155564e-33
"Slco1a5";1,5765591073537e-37;0,421061761502252;0,384;0,114;2,43073883171793e-33
"Phyh";1,63836151468465e-37;-1,63933110894419;0,452;0,761;2,5260257833408e-33
"mt-Cytb";1,70886350216816e-37;-0,726317102473547;1;1;2,63472574764288e-33
"Lmna";6,73885204486701e-37;1,10996989995966;0,882;0,671;1,0389962082776e-32
"Efhd2";9,56852758447949e-37;0,721651654397185;0,48;0,185;1,47527558297505e-32
"Ifrd1";1,8501192922116e-36;1,276164310887;0,914;0,769;2,85251392473184e-32
"Tpm4";2,43391458802857e-36;0,823273076036819;0,806;0,496;3,75260951182245e-32
"Efna1";2,95373224937713e-36;0,847138819273347;0,735;0,422;4,55406438208966e-32
"Ppp2ca";3,26844928324357e-36;0,89042981712304;0,878;0,672;5,03929510490493e-32
"Slc9a3";3,89621964984255e-36;0,344353740334915;0,297;0,073;6,00719145612725e-32
"mt-Atp6";4,39804620758331e-36;-0,754332998848239;1;1;6,78090764285195e-32
"Cat";4,90637722260926e-36;0,61745241724368;0,832;0,516;7,56465240181896e-32
"Gpx2";5,25963681399984e-36;1,18335958054117;0,659;0,341;8,10930803982496e-32
"H2-D1";7,55014846202581e-36;0,781229761032797;1;0,947;1,16408188987514e-31
"Irf1";9,06689033794582e-36;0,977051399170418;0,76;0,429;1,39793315230449e-31
"Fos";9,16667376725782e-36;1,56527082169354;0,95;0,829;1,41331776143581e-31
"Zfand5";1,36693205757353e-35;0,893876040101896;0,91;0,759;2,10753584636687e-31
"Edn2";1,48946587158999e-35;0,939051440177784;0,19;0,032;2,29645848081744e-31
"Slc13a2";1,56412734512519e-35;0,504692699328194;0,283;0,069;2,41157154071402e-31
"Pitpnc1";3,01150924650738e-35;0,603432191915326;0,538;0,222;4,64314495626508e-31
"Eif1";3,22164846194246e-35;0,683547056380229;1;0,976;4,96713759862288e-31
"Klf10";4,27622299696158e-35;0,71037915411857;0,763;0,442;6,59308061671536e-31
"Ccnl1";7,3527284937037e-35;0,875354255767921;0,81;0,547;1,13364367915924e-30
"Ddx5";8,28638465760933e-34;0,783947666163327;0,993;0,95;1,27759478651021e-29
"Hsp90aa1";8,64306575514769e-34;0,785543887839743;0,975;0,85;1,33258787812867e-29
"Cryab";1,41073392824224e-33;1,83041855625427;0,771;0,502;2,17506957056389e-29
"Rbm3";1,60208224306719e-33;0,722600953578707;0,953;0,825;2,47009040236099e-29
"Rassf1";5,06141364472564e-33;0,81820043886829;0,728;0,423;7,80368755743799e-29
"Hbegf";7,29563051955698e-33;1,15928259202959;0,606;0,298;1,12484031350529e-28
"Klk1b9";1,28046221263501e-32;-3,45150981123379;0,24;0,582;1,97421663944066e-28
"Eif4a1";1,75587233472419e-32;0,667475731119985;0,975;0,869;2,70720396567775e-28
"Runx1";1,75808366653235e-32;0,617479117895061;0,76;0,416;2,71061339705957e-28
"Klk1b5";1,77050381067869e-32;-3,82919800208884;0,183;0,527;2,7297627753044e-28
"Prss8";1,97815881341382e-32;0,702720543574732;0,677;0,379;3,04992525852143e-28
"Gstm2";2,09473782852623e-32;0,782917900754697;0,742;0,466;3,22966678402174e-28
"Ppp1r2";2,47243852561633e-32;0,715574122506123;0,803;0,539;3,81200571879526e-28
"Dstn";2,88347748661602e-32;0,881587176252437;0,996;0,951;4,44574558886458e-28
"Oser1";5,47841146693479e-32;0,724679820341101;0,674;0,361;8,44661479972007e-28
"Icam1";8,93062091051533e-32;1,09754738691713;0,416;0,154;1,37692313198325e-27
"Osbpl3";8,97389019857524e-32;0,372089470187726;0,161;0,026;1,38359439081633e-27
"Klk1";9,9028374060751e-32;-5,01438549626171;1;0,999;1,52681947126866e-27
"Ccn2";1,17110305410529e-31;0,879301216652223;0,326;0,099;1,80560668881953e-27
"Scnn1b";1,40497416468446e-31;-1,12876732140679;0,065;0,418;2,1661891671105e-27
"Plk2";2,27124130144241e-31;0,615077617059308;0,523;0,222;3,50179983856391e-27
"Srsf5";2,92265304631794e-31;0,691824894438276;0,928;0,836;4,50614646681299e-27
"mt-Co2";3,09622473249901e-31;-0,672438293938199;1;1;4,77375929256697e-27
"Pdlim4";4,42690883480709e-31;-1,13700313191849;0,1;0,452;6,82540804150557e-27
"Tspan7";4,93208122142893e-31;0,462498754632785;0,473;0,19;7,60428282719913e-27
"Ubb";6,22747545331272e-31;0,718303651974468;1;0,99;9,60152165391755e-27
"Rhoj";6,62107960550738e-31;0,388365346193068;0,287;0,08;1,02083805357713e-26
"Rdh10";7,05232183464207e-31;0,443897305909509;0,351;0,115;1,08732698046511e-26
"Coq10b";2,13363876707662e-30;0,693517602073112;0,728;0,434;3,28964425107873e-26
"Ptma";2,14872108250459e-30;0,596631508137322;1;0,981;3,31289816500558e-26
"Srsf3";2,41648684308806e-30;0,699219461847432;0,907;0,781;3,72573941467316e-26
"Actn1";2,73381005981878e-30;0,57631988489436;0,495;0,217;4,2149883502286e-26
"Jun";3,07334583330658e-30;1,03569573548375;0,989;0,915;4,73848460579208e-26
"Atp6v1g1";3,3595867969176e-30;0,62777001608443;0,907;0,645;5,17981092348756e-26
"Endod1";6,37552281446081e-30;0,445453041984662;0,369;0,127;9,82978107533568e-26
"Ube2d3";6,39673699836262e-30;0,601414768384043;0,918;0,809;9,86248910407549e-26
"Psme1";7,50266911509962e-30;0,637215859235883;0,9;0,705;1,15676152416606e-25
"Car8";1,11938296988718e-29;0,63040532711899;0,681;0,366;1,72586466297205e-25
"Ephx1";1,12810833129752e-29;0,602487602787284;0,634;0,32;1,73931742519451e-25
"Zc3h12a";1,35644829285601e-29;0,430661478752815;0,358;0,121;2,09137197792539e-25
"Nupr1";2,06307325468832e-29;0,822234790920191;0,993;0,963;3,18084634407844e-25
"mt-Nd3";2,07518436001822e-29;-0,835508607874061;0,921;0,976;3,1995192462761e-25
"Cd81";2,21943899434188e-29;0,636202950872328;0,964;0,758;3,42193104147631e-25
"Rela";2,44423816501433e-29;0,578977163071267;0,631;0,327;3,7685264028191e-25
"Cyb5a";3,04465468649477e-29;0,729920281074892;0,907;0,802;4,69424859563764e-25
"Plaat3";3,64925346976424e-29;0,587332599641748;0,659;0,365;5,62641899968251e-25
"Hmgn1";4,61893771137061e-29;0,687654324239561;0,867;0,677;7,12147816339121e-25
"Rbm39";4,90411832882445e-29;0,56276114664478;0,989;0,922;7,56116963938154e-25
"Sbno2";5,04106050346442e-29;0,676060117475728;0,756;0,453;7,77230708424144e-25
"Ier2";8,89962996580647e-29;0,963949330855553;0,935;0,806;1,37214494812804e-24
"Acvrl1";1,10917541186331e-28;0,282889593456571;0,29;0,084;1,71012665001086e-24
"Pnp";1,71136366440885e-28;0,930192109495027;0,649;0,404;2,63858049778557e-24
"Rrbp1";2,11906417539989e-28;-0,75178450633459;0,667;0,888;3,26717314563155e-24
"Lbp";3,3878879880651e-28;0,32892180468493;0,211;0,049;5,22344569999876e-24
"Tnfrsf12a";7,06015288890165e-28;0,953361715022722;0,821;0,607;1,08853437241086e-23
"Pdzk1ip1";8,77706858860057e-28;0,62218702298426;0,609;0,331;1,35324843499044e-23
"Etv6";1,04219329122636e-27;0,618250057457124;0,724;0,431;1,6068536164128e-23
"Atp6v0d2";1,10118631918888e-27;-1,09729789940319;0,111;0,439;1,69780906692541e-23
"Lmcd1";1,11437616725717e-27;0,744683090015741;0,19;0,042;1,71814517467711e-23
"Gstm1";1,32524869152268e-27;0,754647392635405;0,892;0,704;2,04326843258967e-23
"Relb";2,61418736189694e-27;0,583714297948839;0,48;0,219;4,03055407457271e-23
"Cish";3,00721480685008e-27;0,711658862145998;0,71;0,439;4,63652378920146e-23
"Tagln2";4,23085606409256e-27;0,751825196783223;0,939;0,776;6,52313387961791e-23
"Lima1";4,67237291561229e-27;0,816854236404783;0,584;0,334;7,20386456129103e-23
"Hnrnpf";5,07273007048981e-27;0,611061968320412;0,903;0,763;7,82113522268119e-23
"Srsf7";6,62128618386354e-27;0,817240310862235;0,846;0,69;1,02086990382808e-22
"mt-Nd2";7,17331852114427e-27;-0,703458433392773;1;1;1,10598224959002e-22
"H2-K1";7,85495792748091e-27;0,641341343018417;0,996;0,925;1,21107741325901e-22
"H2-Q4";9,56928285660285e-27;0,683433810676755;0,599;0,318;1,47539203083103e-22
"Prdx1";1,13197268375304e-26;0,651682306156229;0,996;0,921;1,74527548381044e-22
"Sertad1";1,37752633166505e-26;0,613330111741154;0,72;0,425;2,12387009816117e-22
"4833423E24Rik";2,51152185186991e-26;0,506221298255046;0,448;0,187;3,87226439121303e-22
"Nfkbib";2,68801441898805e-26;0,586513731378732;0,563;0,299;4,14438063119578e-22
"Ezr";3,0771998083961e-26;0,736743412747384;0,828;0,607;4,74442666458511e-22
"Errfi1";3,47191781561454e-26;0,806177072402324;0,903;0,738;5,35300288811449e-22
"Tspan1";3,81152375969783e-26;-1,03140248835986;0,086;0,401;5,87660733270212e-22
"Mt2";3,9457705389197e-26;-1,52807802904371;0,434;0,703;6,08358901690639e-22
"Fhl2";5,23698745981198e-26;0,473076695344294;0,233;0,062;8,07438726553811e-22
"Actr3";6,62804826968891e-26;0,675916966374585;0,695;0,44;1,02191248222064e-21
"Mpzl2";7,81824633736696e-26;0,509063391018762;0,53;0,259;1,20541722029524e-21
"Klk1b4";8,90479922059337e-26;-3,7341577459523;0,115;0,418;1,37294194383109e-21
"Rheb";1,49142732189786e-25;0,69682104093165;0,857;0,663;2,29948264490213e-21
"Sf3b1";1,83569386718317e-25;0,588382676894458;0,871;0,718;2,83027280442302e-21
"S100a10";3,52032139172412e-25;0,854869611582087;0,878;0,716;5,42763152176025e-21
"mt-Nd5";3,60116881772453e-25;-0,666164554497461;0,986;0,995;5,55228208316767e-21
"Gpc6";3,63088410413012e-25;0,337656697231854;0,208;0,052;5,59809711174782e-21
"Pdgfa";4,48385860070921e-25;0,648704324323119;0,742;0,478;6,91321319057345e-21
"Fosl1";4,62223304937174e-25;0,53845700997295;0,344;0,125;7,12655891552135e-21
"Midn";5,5280724648451e-25;0,620072241104227;0,67;0,389;8,52318212629818e-21
"Arid5a";9,50808849834301e-25;0,489360604689597;0,62;0,321;1,46595708467453e-20
"Klf4";1,11441892323565e-24;0,817855845181777;0,746;0,485;1,71821109584472e-20
"Mme";1,84397133530065e-24;0,499937794016185;0,588;0,296;2,84303500476654e-20
"Hspa5";2,32099732850907e-24;0,905297474936057;0,961;0,931;3,57851368109528e-20
"Dusp5";2,34968385647724e-24;0,587120845944883;0,405;0,168;3,62274256991661e-20
"Fxyd2";2,67828458763688e-24;-2,45294021955729;0,728;0,797;4,12937917721854e-20
"Tspan17";3,15875159476246e-24;0,460383753064019;0,541;0,267;4,87016320880476e-20
"Spint2";4,74304241595573e-24;0,46654429463309;0,996;0,972;7,31282279692055e-20
"Lmo4";6,41304136960917e-24;0,574426529556493;0,778;0,515;9,88762718366342e-20
"Cldn7";7,01548240813227e-24;0,638745689546345;0,921;0,802;1,08164707768583e-19
"Phlda1";8,07830190033817e-24;0,994878851468019;0,925;0,827;1,24551258699414e-19
"Cnn3";9,0196918176383e-24;0,543835693443404;0,695;0,415;1,39065608444347e-19
"Tpm3";9,06590974477722e-24;0,633776051356664;0,753;0,533;1,39778196444975e-19
"Eif6";9,41076076332383e-24;0,672157172803144;0,789;0,594;1,45095109448927e-19
"Cebpd";1,00412699362563e-23;0,6661842823758;0,928;0,777;1,54816299877199e-19
"Alas1";1,07105654664126e-23;0,739664328705343;0,667;0,435;1,6513549836115e-19
"Ctsl";1,11146638527696e-23;0,703637358454832;0,925;0,781;1,71365887282002e-19
"Myl12b";1,14770786273843e-23;0,57285087129456;0,885;0,737;1,76953598277012e-19
"Klk1b3";1,44466874180097e-23;-2,35678535662839;0,05;0,336;2,22739026610873e-19
"Paqr6";1,45196630372351e-23;0,548915270715229;0,642;0,376;2,23864164708091e-19
"Nudt4";1,54563679384386e-23;-1,14767832205266;0,147;0,431;2,38306280874846e-19
"Atf4";1,62997387165413e-23;0,588203778378777;0,896;0,779;2,51309371531634e-19
"Pglyrp1";1,71609620157532e-23;0,363337071913268;0,43;0,177;2,64587712358883e-19
"Rtn4";1,95541889112043e-23;0,590019495383106;0,889;0,748;3,01486484632947e-19
"mt-Nd1";2,15238543398984e-23;-0,686485423808604;1;0,999;3,31854786212554e-19
"Mpzl3";2,27086772283253e-23;0,372407044692879;0,398;0,162;3,5012238550632e-19
"Hsp90b1";2,72366764656522e-23;-0,753714932948059;0,703;0,895;4,19935077747426e-19
"Txnrd1";3,85957325690933e-23;0,635983852380037;0,634;0,378;5,9506900475028e-19
"Pqlc1";4,30427182607524e-23;0,632014441912508;0,72;0,483;6,6363263014428e-19
"Hspa1a";4,42185092797791e-23;1,28594100721879;0,835;0,679;6,81760976075634e-19
"Itm2b";4,44674084819272e-23;0,487309433358827;1;0,949;6,85598503974354e-19
"Klk1b27";4,91684336329317e-23;-1,16197137585922;0,032;0,309;7,58078909752541e-19
"Cd63";5,30669476116206e-23;0,482646237602813;0,989;0,92;8,18186198275967e-19
"Ctsd";5,30950753696465e-23;-0,697784373651184;0,799;0,921;8,18619872049209e-19
"Enpp3";8,41132375978111e-23;0,377526467594646;0,401;0,166;1,29685789728305e-18
"Rplp1";1,11521524724123e-22;0,446324975105298;1;1;1,71943886819653e-18
"mt-Nd4l";1,17748383897306e-22;-0,699199654436868;0,957;0,983;1,81544458292866e-18
"Slc9a3r1";1,22015867983463e-22;0,592951195855989;0,724;0,49;1,88124065256903e-18
"Sqstm1";1,38078083603061e-22;0,737056509103157;0,828;0,671;2,12888789299199e-18
"Man2a1";2,47063229278636e-22;0,305738440780919;0,269;0,089;3,80922086901801e-18
"Tmed3";2,55473035694507e-22;-0,890158425461185;0,366;0,601;3,9388832643379e-18
"Rhoa";2,6039861292749e-22;0,505185684205671;0,925;0,815;4,01482581411604e-18
"4930523C07Rik";2,72210561889052e-22;0,585158119995641;0,588;0,328;4,19694244320541e-18
"Clcnkb";2,80140670480025e-22;-0,612974296920263;0,018;0,289;4,31920885746103e-18
"Rpl22l1";3,25056939410969e-22;0,455852031879937;0,971;0,912;5,01172789183831e-18
"Kit";3,37906676301953e-22;0,445387866082161;0,491;0,228;5,20984513522351e-18
"Tuba1b";3,38744481962761e-22;0,568299985695857;0,724;0,463;5,22276242290185e-18
"Tgif1";3,83870054500967e-22;0,583492248809191;0,803;0,559;5,91850850029591e-18
"Tmem52";5,30858926407601e-22;-0,715374601331791;0,14;0,42;8,18478292735239e-18
"Pfn1";6,71067971509054e-22;0,530198203190774;0,961;0,894;1,03465259847266e-17
"Hnrnpk";7,0216705398725e-22;0,513061907222562;0,914;0,829;1,08260116383754e-17
"Klk1b22";9,38590828161259e-22;-3,4049009194115;0,061;0,33;1,44711933885903e-17
"Rps27";9,77512293362735e-22;0,431438765544377;1;0,988;1,50712845390667e-17
"Jdp2";1,11942092948681e-21;0,266945096751745;0,176;0,043;1,72592318908276e-17
"Psmb10";1,17491356996574e-21;0,410557892022761;0,491;0,243;1,81148174217318e-17
"Fus";1,32464462711852e-21;0,519986266164936;0,835;0,654;2,04233708609134e-17
"Tpm1";1,68135289691111e-21;0,597446262934396;0,81;0,569;2,59230989645754e-17
"Prom2";1,98739776119485e-21;-0,43267620523719;0,025;0,288;3,06416986821021e-17
"Capg";2,28777740479137e-21;0,508446633097934;0,452;0,216;3,52729520270734e-17
"Tapbp";2,66425641889832e-21;0,542587007509693;0,699;0,448;4,10775054665743e-17
"Ghr";3,71627197754338e-21;-0,484080855662194;0,065;0,335;5,72974813497639e-17
"Celf2";3,84380351002003e-21;0,275529639524283;0,272;0,093;5,92637625174889e-17
"Bcl2l14";4,08011797994304e-21;0,655481789668162;0,731;0,463;6,29072590147617e-17
"Car12";4,98797894645095e-21;0,44172915137954;0,649;0,36;7,69046593963808e-17
"Marc2";5,45631410958064e-21;-0,769595166889189;0,738;0,853;8,41254509415143e-17
"Rnf19b";5,61171873054311e-21;0,445026667766796;0,412;0,188;8,65214793875137e-17
"Gng5";1,53940527730152e-20;0,461858121952148;0,982;0,917;2,37345505654349e-16
"Ndufc1";1,69846109172502e-20;-0,666426955024116;0,774;0,905;2,61868731122164e-16
"Cdkn1a";2,39407130572385e-20;0,338094842696238;0,387;0,164;3,69117913916503e-16
"Aqp5";3,03320200288651e-20;-1,43719907355529;0,039;0,291;4,67659084805042e-16
"Timp2";3,24491365790235e-20;0,460404248209901;0,713;0,442;5,00300787775384e-16
"Ifitm3";3,59680619688645e-20;0,313976459245329;0,943;0,719;5,54555579435952e-16
"Dap";8,04527029296855e-20;-0,512756189368092;0,136;0,404;1,24041977376989e-15
"Btf3";8,11766106334078e-20;0,437674852617345;0,993;0,918;1,25158098274588e-15
"Chp1";8,43122577056893e-20;0,553838945630396;0,563;0,336;1,29992638930632e-15
"Klk1b21";9,15774894525211e-20;-2,27581898895943;0,022;0,265;1,41194173237897e-15
"Ptbp3";9,24371170228549e-20;0,463601167025376;0,695;0,446;1,42519547025838e-15
"Smim5";9,35105439199326e-20;-0,594380528825274;0,097;0,357;1,44174556615752e-15
"Ptges3";9,76558867351228e-20;0,516969211005777;0,731;0,514;1,50565846168212e-15
"Lcn2";1,1843993891013e-19;0,35620882810148;0,14;0,031;1,82610697811638e-15
"Chst9";1,32503162978126e-19;0,318372640530018;0,348;0,142;2,04293376679674e-15
"Bcam";1,59186040127475e-19;0,309602191923687;0,366;0,155;2,45433036668541e-15
"Upb1";1,8186303161356e-19;0,31535902733279;0,358;0,15;2,80396422141787e-15
"Eif1a";2,39186051939363e-19;0,534529990901726;0,756;0,518;3,68777054880109e-15
"Sertad2";2,64718923122718e-19;0,522518992489855;0,616;0,388;4,08143635670607e-15
"Cdh1";2,70507058497724e-19;0,560456505815216;0,724;0,516;4,17067782791791e-15
"Gbp2";2,77554890315752e-19;0,323821683533195;0,237;0,078;4,27934129888827e-15
"Ablim1";3,05385095224444e-19;-0,637649264955156;0,086;0,342;4,70842739817047e-15
"Tac1";3,3356100634662e-19;0,427406483827861;0,108;0,02;5,14284359585219e-15
"Crip2";3,59975988448707e-19;0,439545120623445;0,957;0,828;5,55010978990217e-15
"Tubb4b";4,25964977015334e-19;0,604271547305378;0,875;0,75;6,56752801562242e-15
"Gm17056";5,25687901698031e-19;0,298616274708339;0,208;0,064;8,10505606838024e-15
"Rps20";7,17145799347379e-19;0,342991214258367;1;0,996;1,10569539343379e-14
"Scgb1c1";8,34447124908641e-19;-1,33338302541953;0,022;0,255;1,28655057718414e-14
"Cbr1";8,68948337835057e-19;0,461847270883041;0,706;0,47;1,33974454727409e-14
"Chmp2b";9,21259568740645e-19;0,502560353282179;0,738;0,518;1,42039800308433e-14
"Eepd1";9,66018607332613e-19;-0,5763414896794;0,039;0,28;1,48940748878542e-14
"Snu13";1,03442386631813e-18;0,452259818871709;0,846;0,666;1,59487471708929e-14
"Acaa2";1,10381708524447e-18;0,520146096834182;0,756;0,531;1,70186518202993e-14
"Smagp";1,48760960345991e-18;0,440736289824505;0,631;0,394;2,29359648661449e-14
"Bcl10";1,56611955983725e-18;0,467751557899217;0,638;0,398;2,41464313735707e-14
"Lars2";1,69588945346514e-18;-0,821347488945952;0,52;0,755;2,61472235935255e-14
"F11r";1,85960518831238e-18;0,505826120038348;0,767;0,587;2,86713927934003e-14
"Egf";1,90280084657225e-18;-1,57674169969931;0,043;0,28;2,93373834524509e-14
"Klk1b26";1,98367837829853e-18;-4,43960753743132;0,613;0,78;3,05843532366068e-14
"Sprr1a";2,04510267679152e-18;0,994059940052345;0,237;0,081;3,15313930707717e-14
"Slfn2";2,12342736057419e-18;0,382316848494085;0,276;0,105;3,27390030453329e-14
"Ocln";2,22802394288597e-18;0,45821192434419;0,502;0,274;3,43516731514158e-14
"Klf2";2,34839748458377e-18;1,24643732619909;0,369;0,177;3,62075924173125e-14
"Hes1";2,64962372786885e-18;0,862943961795718;0,781;0,621;4,08518986362819e-14
"Cstb";2,70733793704636e-18;0,75099789642883;0,832;0,71;4,17417363133808e-14
"Itpkc";2,86963948994747e-18;0,468581629761275;0,337;0,148;4,42441016560101e-14
"Rnd3";2,9597142405789e-18;0,626325927386026;0,502;0,275;4,56328741612455e-14
"Cracr2a";3,11404425147882e-18;-0,654685999588001;0,054;0,292;4,80123342693005e-14
"Pdlim1";3,25295629636457e-18;0,430431118364548;0,656;0,417;5,01540801773489e-14
"Dusp16";3,25968891791789e-18;0,381293297517566;0,401;0,193;5,02578837364581e-14
"Serpinb1a";3,43998816142875e-18;-1,02881752068135;0,054;0,288;5,30377374729085e-14
"Psmb9";3,76832362918005e-18;0,36050669690333;0,369;0,166;5,81000137146981e-14
"Spns2";5,15849437596206e-18;0,258679898816001;0,226;0,076;7,9533666288583e-14
"Chmp4b";6,60513135391288e-18;0,497254863394294;0,849;0,719;1,01837915214629e-13
"BC006965";7,77347363619302e-18;0,331616169952961;0,33;0,135;1,19851416522824e-13
"Rhou";9,36818469925368e-18;0,509425974789705;0,814;0,608;1,44438671693093e-13
"Sub1";9,53766347587727e-18;0,531996079886857;0,835;0,693;1,47051695471076e-13
"Ndfip2";1,0180793702354e-17;0,549639240826127;0,699;0,507;1,56967477302894e-13
"Rap1gap2";1,01917826315824e-17;-0,475524285928483;0,093;0,336;1,57136904613737e-13
"Rap1b";1,06581078240526e-17;0,474536476775005;0,703;0,476;1,64326706431243e-13
"Vcl";1,06769652885651e-17;0,479341656461609;0,502;0,273;1,64617450819096e-13
"A630073D07Rik";1,1673841958833e-17;-2,30248898908855;0,075;0,304;1,79987295321287e-13
"B2m";1,46915399028239e-17;0,451950083648659;0,935;0,766;2,26514162221739e-13
"Vamp5";1,88899587366739e-17;0,504722094541873;0,53;0,312;2,91245383802038e-13
"Klk1b16";2,03781464395565e-17;-3,19295165051503;0,057;0,286;3,14190261805082e-13
"Tmem11";2,11503553176725e-17;0,42551295288963;0,674;0,438;3,26096178287874e-13
"Lrrc26";2,18825370717503e-17;0,357744347389872;0,803;0,583;3,37384956572246e-13
"Tmem171";2,35985673188122e-17;-0,480418341673816;0,014;0,233;3,63842710921446e-13
"Lgmn";2,38620765487419e-17;0,296174864501423;0,362;0,164;3,67905496228503e-13
"Scnn1a";2,63222878589021e-17;-0,551293781073417;0,129;0,369;4,05837034208552e-13
"Hcar2";2,79604889432665e-17;0,477228488530377;0,47;0,244;4,31094818527282e-13
"Cdc42ep5";2,96762305187167e-17;0,429946487255655;0,559;0,326;4,57548122137573e-13
"Ttc28";3,05731346995912e-17;0,297993080095341;0,283;0,112;4,71376590798297e-13
"Lrrfip1";3,71756904827309e-17;0,487818109051533;0,713;0,507;5,73174795862745e-13
"Cox7b";3,72735500877126e-17;-0,718218874395527;0,95;0,957;5,74683595252353e-13
"Arf6";3,94564868511572e-17;0,506522707436314;0,699;0,502;6,08340114271141e-13
"Hnrnpdl";3,96352355563921e-17;0,496881709591755;0,763;0,589;6,11096061808454e-13
"Tgfb2";4,05112920943285e-17;0,560329349659632;0,588;0,337;6,24603101510358e-13
"Sec61b";4,65252812672062e-17;-0,797881600236555;0,81;0,928;7,17326786577785e-13
"N4bp3";5,04180537344675e-17;0,280894423876547;0,33;0,143;7,7734555247802e-13
"Upp1";5,29838025247215e-17;0,442937932367705;0,43;0,222;8,16904267326155e-13
"Prdx4";5,48907958317805e-17;0,436315517160069;0,602;0,377;8,46306290134392e-13
"Nfkb1";6,67062262823465e-17;0,427835883454596;0,459;0,248;1,02847659682122e-12
"Spire1";6,90724845955853e-17;-0,455757463651594;0,047;0,272;1,06495956749473e-12
"Cnbp";6,9351033378676e-17;0,369191062764415;0,953;0,881;1,06925423263243e-12
"Sfr1";7,46838620638709e-17;0,506519202316516;0,778;0,605;1,15147578530076e-12
"Suclg1";7,55992423952799e-17;-0,586813079017089;0,588;0,743;1,16558911925043e-12
"Pon2";7,61138446403112e-17;0,452554254906184;0,753;0,563;1,17352325666432e-12
"Derl3";7,68894469111699e-17;-0,512848031048798;0,05;0,274;1,18548149247642e-12
"Pabpc1";7,96035602532518e-17;0,415577886178001;0,971;0,945;1,22732769198464e-12
"Cxcl10";8,08586396692613e-17;1,72950202878347;0,297;0,128;1,24667850642067e-12
"Eps8l1";8,49422222074704e-17;0,264384834899998;0,251;0,095;1,30963918199478e-12
"Csrnp1";8,69915150001379e-17;0,495586364632817;0,627;0,392;1,34123517827213e-12
"Slc12a2";9,76088611196486e-17;-1,26316232928288;0,624;0,736;1,50493342074274e-12
"Atp5k";1,08103020286981e-16;-0,582829666153838;0,875;0,939;1,66673236678468e-12
"Gpx8";1,32619016431755e-16;0,328019522838962;0,355;0,164;2,04471999534479e-12
"Cldn10";1,5344307963382e-16;-1,13081863779591;0,1;0,329;2,36578540179423e-12
"Cxadr";1,70277181972101e-16;0,326413969403883;0,563;0,311;2,62533359164585e-12
"Ngf";1,75257664319625e-16;-1,24357399042333;0,025;0,238;2,70212266847997e-12
"Ddah2";1,82918713172286e-16;0,501040606969845;0,606;0,38;2,8202407196903e-12
"mt-Atp8";2,0599420220462e-16;-0,505744493901631;0,62;0,798;3,17601860959083e-12
"Nop58";2,35568872097404e-16;0,450846104852766;0,642;0,42;3,63200086999778e-12
"Psme2";2,6826998517503e-16;0,480592638028245;0,792;0,571;4,13618663142862e-12
"Ugp2";3,4422316869723e-16;0,389493778619426;0,495;0,277;5,3072328149739e-12
"Cpne8";3,6733683652574e-16;-0,476816907680478;0,079;0,308;5,66359934555386e-12
"Pttg1ip";3,89153804820727e-16;0,571470202667448;0,703;0,513;5,99997336272597e-12
"Foxc1";3,91076959486564e-16;0,493412522636624;0,577;0,358;6,02962456136384e-12
"Rps28";4,49558097056782e-16;0,306666714755868;1;0,999;6,93128674042147e-12
"Tcf7l2";4,709496855757e-16;0,298625639847731;0,38;0,181;7,26110225220614e-12
"Hnrnpa0";4,90404785363269e-16;0,409490189348218;0,892;0,731;7,56106098073089e-12
"Sirt3";4,91915158058649e-16;-0,435005986521732;0,125;0,357;7,58434790694825e-12
"Hspb1";5,2299091620976e-16;1,10665865746455;0,703;0,548;8,06347394612208e-12
"Amotl2";5,66148463338574e-16;0,302550182296287;0,323;0,144;8,72887700775413e-12
"Klk1b11";6,55259615641125e-16;-2,64031325186434;0,437;0,658;1,01027927539549e-11
"Nrtn";6,77977082306651e-16;0,403827482574215;0,509;0,296;1,0453050655004e-11
"Rpl35a";6,99179887577243e-16;0,284105058705101;1;0,998;1,07799555066659e-11
"Dapp1";7,59187023525736e-16;0,252078040835047;0,226;0,082;1,17051455287198e-11
"Ywhaz";8,22982625982842e-16;0,467237844059999;0,824;0,668;1,26887461274035e-11
"Iffo2";8,42228911650395e-16;0,516398719524897;0,444;0,247;1,29854853598258e-11
"Isg15";9,36838099227799e-16;1,12377752002001;0,434;0,244;1,44441698138942e-11
"Ndufa8";9,67440851386191e-16;-0,53808299457422;0,62;0,765;1,49160030466723e-11
"Kctd1";9,78195489130722e-16;0,476870957499797;0,652;0,437;1,50818180514175e-11
"Rpl7";9,98347483075006e-16;0,283636621123102;1;0,989;1,53925214940504e-11
"Cx3cl1";1,12577027744641e-15;0,375668748323688;0,495;0,276;1,73571261376687e-11
"Rpl34";1,16121387981648e-15;0,277802710471223;1;0,989;1,79035955990105e-11
"Fkbp2";1,27043382544549e-15;-0,481101576912613;0,763;0,892;1,95875487207186e-11
"Rac1";1,32892755229094e-15;0,508398887824953;0,778;0,603;2,04894050012217e-11
"Rnf11";1,51884982067095e-15;0,46493364890682;0,703;0,493;2,34176265351048e-11
"H3f3a";1,66048964494401e-15;0,378100373125769;0,996;0,95;2,56014293457468e-11
"Spag9";1,98294749530976e-15;0,446491563425343;0,735;0,554;3,05730844826858e-11
"Fndc5";2,30692935894957e-15;-0,437568583116595;0,036;0,239;3,55682368562845e-11
"Nucb2";2,45016502469493e-15;-0,661149489870917;0,319;0,522;3,77766443507465e-11
"Bex3";2,58613371452646e-15;0,452973949566877;0,731;0,54;3,9873009610569e-11
"Phf11d";2,59359605265664e-15;0,415026912672734;0,315;0,145;3,99880639398601e-11
"Map2k3";2,7705514064243e-15;0,488112697528856;0,599;0,392;4,27163615842498e-11
"Rab20";2,79943680353787e-15;0,468154137907558;0,53;0,329;4,31617166369468e-11
"Hexb";2,85198087941386e-15;-0,7100031724986;0,491;0,649;4,39718411988029e-11
"Jup";3,16712549972049e-15;0,453433536935815;0,738;0,531;4,88307409546906e-11
"Dbi";3,37228055175326e-15;0,557370525941473;0,835;0,774;5,19938215469317e-11
"Hnrnpa1";4,23421298836247e-15;0,419676452267467;0,771;0,586;6,52830958545726e-11
"Wfdc12";4,43424220320865e-15;-2,98288212778665;0,369;0,56;6,8367146289071e-11
"Hepacam2";4,82026376247082e-15;-0,956616476861941;0,057;0,263;7,43188266897751e-11
"Myd88";5,59614476458731e-15;0,258648383671314;0,391;0,191;8,62813599804072e-11
"Serf2";5,90067949603067e-15;-0,475165632905967;0,982;0,993;9,09766764698008e-11
"Acsl5";6,98904471682035e-15;-0,592725263342534;0,294;0,485;1,07757091443936e-10
"Ly6e";6,99846376400762e-15;0,345178480378641;0,993;0,839;1,0790231431347e-10
"Clta";7,20393216655922e-15;0,359345123224569;0,925;0,819;1,1107022614401e-10
"Cox7a2";7,54379078420264e-15;-0,636992055510184;0,982;0,968;1,16310166310836e-10
"Pdlim3";7,75655989509049e-15;0,267007539713363;0,534;0,282;1,19590640462505e-10
"Slc1a5";8,31019878799455e-15;-0,419175238954799;0,208;0,431;1,281266449133e-10
"Cdc42";8,66817841444656e-15;0,426126765911349;0,875;0,742;1,33645974793937e-10
"Galnt7";9,43168934184953e-15;-0,36443161454574;0,032;0,23;1,45417786272636e-10
"Plaur";9,8711012410724e-15;0,4004292773334;0,158;0,048;1,52192638934854e-10
"Ivns1abp";1,17024928238988e-14;-0,625676712319926;0,29;0,487;1,80429034358871e-10
"Mapre1";1,35551818734259e-14;0,369870474257448;0,659;0,436;2,0899379412448e-10
"Adgrg6";1,35950819491272e-14;0,257370771275746;0,186;0,064;2,09608973491642e-10
"Arhgap44";1,44306781987651e-14;0,25156712435935;0,247;0,1;2,2249219646856e-10
"Tuft1";1,47346240989581e-14;0,4859585588401;0,344;0,173;2,27178434357736e-10
"Cd82";1,5256009237169e-14;0,394079452473409;0,609;0,416;2,35217150418672e-10
"Zwint";1,6091196989113e-14;0,402868832076708;0,47;0,273;2,48094075178145e-10
"Ahnak";1,91734578713097e-14;0,432117556595248;0,624;0,399;2,95616373459852e-10
"Ggh";2,15421516928587e-14;0,388152399380222;0,749;0,559;3,32136894800495e-10
"Tpt1";2,16695974410794e-14;0,32196231488887;1;0,999;3,34101853346562e-10
"Ndufa1";2,27954924650642e-14;-0,611915656938657;0,785;0,907;3,5146090282636e-10
"Gfpt1";2,44383512030264e-14;-0,438823384466742;0,136;0,356;3,76790498848261e-10
"Krt80";2,54911177249797e-14;0,471547178120582;0,373;0,195;3,93022053083736e-10
"Prkci";2,79760099768489e-14;0,289573412443097;0,376;0,19;4,31334121823056e-10
"S100a6";2,8588056748986e-14;-2,14844859073011;0,19;0,397;4,40770658955866e-10
"Sbds";2,87047012979284e-14;0,444342809763136;0,703;0,515;4,42569084611461e-10
"Ppia";3,64079585186468e-14;0,358136274889915;1;0,986;5,61337904440497e-10
"Tax1bp3";3,72144251596069e-14;0,407694956268972;0,552;0,357;5,73772007110819e-10
"H2-Q6";3,73096963483571e-14;0,266704165715633;0,204;0,075;5,75240898298969e-10
"Tmem117";4,39202048094415e-14;-0,328274984235623;0,011;0,192;6,77161717751969e-10
"Eppk1";4,43118750189542e-14;0,421747931187963;0,459;0,266;6,83200489042236e-10
"Fkbp11";5,82414768089376e-14;-0,548684680733437;0,125;0,335;8,97967089440199e-10
"Slit2";5,99763504496861e-14;-0,617300795233715;0,086;0,283;9,2471537123326e-10
"Serp1";6,51411052482599e-14;-0,669157183320501;0,498;0,66;1,00434556071767e-09
"Proser2";6,97775867411444e-14;0,403449352611512;0,405;0,228;1,07583083237496e-09
"Atp5g1";7,37659676539415e-14;-0,651839975668575;0,928;0,966;1,13732368928847e-09
"Smco4";7,6463622590886e-14;-0,554724136756066;0,226;0,432;1,17891613310628e-09
"Ets2";7,97712932172191e-14;0,440149788849339;0,688;0,488;1,22991379882308e-09
"Pkp2";9,46518406194207e-14;0,281050268801124;0,416;0,219;1,45934207867023e-09
"Nedd9";9,82681501404091e-14;0,426313537461505;0,602;0,395;1,51509833886483e-09
"Dnaja1";1,12950728158268e-13;0,643856311404382;0,835;0,777;1,74147432674417e-09
"Cggbp1";1,27539087628827e-13;0,438304354421923;0,652;0,49;1,96639765306126e-09
"Ccdc28b";1,30515076312727e-13;-0,382336182030209;0,115;0,319;2,01228144658963e-09
"Acadm";1,34358276376133e-13;0,392462605235677;0,731;0,518;2,07153590516722e-09
"Irgm1";1,40200430635802e-13;0,65656859378491;0,552;0,359;2,1616102395428e-09
"Fau";1,54290042954233e-13;0,316095306264629;1;0,994;2,37884388226836e-09
"Prss23";1,62564023797551e-13;-0,45547635361413;0,057;0,249;2,50641211891064e-09
"Cd14";1,73502267360501e-13;0,559340999247004;0,455;0,265;2,67505795816421e-09
"Agpat5";1,86836270441016e-13;0,318681320217887;0,495;0,292;2,88064161765958e-09
"Dnajc3";2,09159845840773e-13;-0,428042645054711;0,573;0,759;3,22482650317303e-09
"Slc4a11";2,15174413753932e-13;-0,873315767799079;0,061;0,252;3,31755911125813e-09
"Cnn2";2,21761885868561e-13;0,267772433103124;0,251;0,105;3,41912475632147e-09
"Rtp4";2,41530210174381e-13;0,546282032557096;0,434;0,254;3,72391278046861e-09
"Stap1";2,86246267123513e-13;-1,36990337463223;0,065;0,251;4,41334494651032e-09
"Klk1b24";2,940888791198e-13;-0,699388216165998;0,025;0,2;4,53426233826907e-09
"Sun2";3,0361225658229e-13;0,350726581221716;0,412;0,232;4,68109377198574e-09
"Fam110a";3,05752992165728e-13;0,345376186883307;0,43;0,246;4,71409963321119e-09
"Dusp8";3,08990782929697e-13;0,340161682932069;0,448;0,254;4,76401989121008e-09
"Itih5";3,10729640241106e-13;-0,715998606034434;0,032;0,212;4,79082959323737e-09
"Selenok";3,51497779400404e-13;0,365474847344249;0,91;0,853;5,41939276279543e-09
"Hdlbp";4,16253494693796e-13;-0,440777413354071;0,505;0,701;6,41779638118895e-09
"Npm1";4,43030795367001e-13;0,284242132071451;0,978;0,906;6,83064880296842e-09
"Kdm6b";5,22742245621534e-13;0,461226127588065;0,52;0,332;8,05963994299282e-09
"Tmem128";5,70152918883459e-13;0,357446555563198;0,577;0,382;8,79061770334517e-09
"Atp5e";5,95817149899195e-13;-0,507727972824388;0,993;0,993;9,18630881714579e-09
"Dnajc15";5,96465441223969e-13;-0,439989754670634;0,373;0,555;9,19630417279115e-09
"Rps9";6,37082492260637e-13;0,265869667061732;1;0,992;9,8225378656745e-09
"Rras";6,89074174962296e-13;0,298114529176034;0,484;0,285;1,06241456295687e-08
"Pim1";7,73138963241764e-13;0,402465576822456;0,434;0,244;1,19202565352615e-08
"Tesc";8,66557299569806e-13;-0,577448214566321;0,692;0,842;1,33605804447673e-08
"Degs1";8,66856935170503e-13;0,353564631823383;0,487;0,292;1,33652002264588e-08
"Ntan1";8,86216541999966e-13;0,455928542088033;0,659;0,481;1,36636866445555e-08
"Unc13b";9,00419965889107e-13;-0,529486442818378;0,136;0,33;1,38826750340783e-08
"Rps21";9,30030246812808e-13;0,304655692070016;1;0,995;1,43392063453599e-08
"Srf";9,76278340334372e-13;0,285970151643866;0,319;0,158;1,50522594512753e-08
"Cdc42ep1";1,09176433135312e-12;0,422576978919025;0,455;0,28;1,68328224608023e-08
"Myo6";1,09609837473768e-12;0,377590913002577;0,398;0,228;1,68996447417055e-08
"Inpp5j";1,11930647384453e-12;-0,419675989526727;0,118;0,313;1,7257467213735e-08
"Ctdspl";1,18688212525343e-12;0,3232443601467;0,484;0,295;1,82993486071573e-08
"Rel";1,309981376494e-12;0,320191213548892;0,315;0,157;2,01972928627845e-08
"Rpl22";1,31185718429205e-12;0,276243828602436;0,996;0,972;2,02262140674148e-08
"Trim16";1,54468254213367e-12;0,339922863097706;0,326;0,165;2,3815915434617e-08
"Rps16";1,57591336603853e-12;0,254268640108035;1;0,996;2,42974322775821e-08
"Ndufb9";1,63347678362634e-12;-0,509530117635064;0,961;0,968;2,51849450499509e-08
"Sde2";1,90132642544053e-12;0,354905704182786;0,538;0,34;2,93146508274421e-08
"Cdc14a";2,02118478137836e-12;-0,277737041589683;0,018;0,184;3,11626269592916e-08
"Klk1b1";2,03878578371019e-12;-0,882140470267813;0,05;0,227;3,14339992132437e-08
"Shisa4";2,09966663743885e-12;-0,463322555132534;0,186;0,383;3,23726602160322e-08
"Rcan2";2,41567153304969e-12;-0,600737800395984;0,039;0,215;3,724482369656e-08
"Plxna4";2,42166370201142e-12;-0,4817331450536;0,079;0,266;3,73372109576121e-08
"Cox7c";2,44626216604942e-12;-0,533529388919927;0,993;0,987;3,771647007615e-08
"Cyb5r3";2,51077718144856e-12;0,331370904584617;0,695;0,484;3,87111625835739e-08
"Sec31a";2,85347693045582e-12;-0,339619771969464;0,186;0,387;4,39949073137679e-08
"Ascl3";2,92156886192639e-12;-1,19159637090302;0,061;0,237;4,50447487131811e-08
"Litaf";3,04684186482336e-12;0,296813509960986;0,602;0,387;4,69762078718465e-08
"Cryl1";3,15114890395586e-12;0,25053961249408;0,358;0,188;4,85844138011915e-08
"Mpp5";3,3351100797087e-12;0,306794174903975;0,373;0,202;5,14207272089488e-08
"Sypl";3,40027224388709e-12;0,393110921071519;0,713;0,571;5,24253974562512e-08
"Padi2";4,03762245037478e-12;-0,251140526091053;0,007;0,161;6,22520629398783e-08
"Rps5";4,07689655751759e-12;0,250689964460886;1;0,993;6,28575911238061e-08
"Aco2";4,13475045751863e-12;-0,51665865894809;0,545;0,704;6,37495825540223e-08
"Tram1";4,32032964938382e-12;-0,483198086177009;0,358;0,546;6,66108425341998e-08
"Nfkbiz";4,34509810703811e-12;0,550963428357522;0,38;0,216;6,69927226143136e-08
"Nt5dc2";4,37424450102233e-12;-0,283839551887574;0,004;0,155;6,74421017167623e-08
"Crb3";4,44865994277251e-12;0,467387294579784;0,638;0,491;6,85894389976665e-08
"Atp6v1c2";4,99573224885098e-12;-0,293918323506274;0,011;0,167;7,70241998127844e-08
"Morf4l1";5,05431670877351e-12;0,348286044960246;0,914;0,829;7,792745501587e-08
"Aldh2";5,26096064653121e-12;0,359477888656637;0,9;0,867;8,11134912482182e-08
"Qsox1";5,48857414952189e-12;-0,398625898180758;0,129;0,316;8,46228362373285e-08
"Tcim";5,55370097916882e-12;0,587744174984992;0,645;0,469;8,56269616968248e-08
"P4hb";5,5740234143341e-12;-0,507795431046424;0,656;0,799;8,59402930022031e-08
"Stk40";5,73305137135394e-12;0,339121174954013;0,355;0,194;8,8392186043535e-08
"Dpysl3";5,92799005941777e-12;-0,403714193022238;0,093;0,281;9,13977507361032e-08
"Cltb";6,45576303951872e-12;0,454760002242491;0,659;0,498;9,95349545432997e-08
"Mapt";6,89862702134506e-12;-0,301867484267872;0,014;0,17;1,06363031415098e-07
"Esrrg";6,93292238667986e-12;-0,340725032600549;0,05;0,22;1,0689179735783e-07
"Mlec";7,15206193217802e-12;-0,366766126532225;0,19;0,385;1,10270490870321e-07
"Tubb2a";7,30581997220002e-12;0,296936367135048;0,391;0,212;1,1264113233138e-07
"Rpl14";7,69557232129138e-12;0,257584069602482;1;0,994;1,1865033404967e-07
"Uqcrc1";7,73458468321152e-12;-0,452245556343693;0,685;0,81;1,19251826645755e-07
"Mpp6";8,44823256095096e-12;-0,657267830990667;0,258;0,424;1,30254849624742e-07
"Arf4";8,72510203173815e-12;0,388652295829155;0,867;0,76;1,34523623125339e-07
"Klf5";9,66030815346346e-12;0,378306350196167;0,484;0,296;1,489426311101e-07
"Sumo2";1,00032915659054e-11;0,317995499322342;0,935;0,855;1,5423074936313e-07
"Ralgds";1,08446781330546e-11;0,309286680748542;0,409;0,231;1,67203247455435e-07
"Gnai3";1,08687893977792e-11;0,322617390189958;0,452;0,28;1,6757499493496e-07
"Cracr2b";1,09244237898572e-11;0,392788936355395;0,846;0,788;1,68432765992019e-07
"Aldh1a1";1,2163402161271e-11;-0,515622174784042;0,054;0,221;1,87535334522476e-07
"S100a1";1,23650046181156e-11;-1,13509293542757;0,864;0,858;1,90643641202107e-07
"Emb";1,28911709018206e-11;0,259933898118535;0,444;0,25;1,9875607296427e-07
"Ptprk";1,42949388900874e-11;0,476901130251597;0,581;0,424;2,20399367807368e-07
"Tmbim6";1,64056036140167e-11;0,327323517882009;0,978;0,964;2,52941596520909e-07
"Adra1a";1,72109461407404e-11;-0,266834204327076;0,018;0,173;2,65358367597935e-07
"Tacstd2";1,74110405906584e-11;0,4236585103206;0,254;0,116;2,68443423826772e-07
"Slc2a4";1,80898958736314e-11;-0,303673969602367;0,022;0,177;2,78910014579649e-07
"Rplp2";1,95538215917395e-11;0,273748354575621;1;0,99;3,0148082130144e-07
"Lamb3";1,96543263512105e-11;-0,301849597142494;0,018;0,17;3,03030403682964e-07
"Stxbp5l";1,97545371429176e-11;-0,394473371456367;0,007;0,153;3,04575453669503e-07
"Arl4c";2,08198985793798e-11;0,258981889009321;0,387;0,208;3,21001196296877e-07
"Hexa";2,14071013950774e-11;-0,486081469486139;0,172;0,354;3,30054689309303e-07
"Cycs";2,18454851652593e-11;-0,673491468158795;0,742;0,818;3,36813690277967e-07
"Tcf4";2,22920939115414e-11;0,342401371827179;0,48;0,302;3,43699503928145e-07
"Plscr1";2,26136729694771e-11;0,461401957936567;0,534;0,343;3,48657609843398e-07
"Cpxm2";2,30539204907568e-11;-0,477458001295978;0,032;0,192;3,55445346126489e-07
"Clpx";2,39450101866238e-11;0,393345118727228;0,563;0,391;3,69184167057366e-07
"Pdcl3";2,4535567743808e-11;0,364751158403068;0,616;0,441;3,78289383474032e-07
"Med10";2,55040790985286e-11;0,324236935244888;0,516;0,351;3,93221891541114e-07
"Pdk4";2,59337975710066e-11;0,365809610551707;0,412;0,236;3,9984729094978e-07
"Tcea3";3,33458143830219e-11;-0,324053804250196;0,05;0,216;5,14125766157432e-07
"Iqgap1";3,53670850685316e-11;0,347631534684806;0,792;0,63;5,4528971758662e-07
"Nectin2";3,57956317036097e-11;0,369398080653123;0,602;0,419;5,51897049606255e-07
"Ddx3x";3,77241509211783e-11;0,465613925262802;0,731;0,606;5,81630958902727e-07
"Sat1";3,99187279621691e-11;0,358882539061194;0,806;0,666;6,15466947720724e-07
"Ndufab1";4,07298447637315e-11;-0,508055965817973;0,814;0,862;6,27972746567212e-07
"Hnrnpd";4,37667770285884e-11;0,383893289284069;0,692;0,531;6,74796168226776e-07
"Vasn";5,24604237685213e-11;0,257455458200929;0,308;0,156;8,08834813663062e-07
"Abhd14b";5,30595575007013e-11;0,31576153327547;0,695;0,505;8,18072257545813e-07
"Bhlha15";5,82926535953461e-11;-0,310098814708622;0,011;0,154;8,98756133133046e-07
"Uqcrq";5,92925985979373e-11;-0,512093166659788;0,921;0,958;9,14173285182997e-07
"Foxi1";6,15805589377509e-11;-0,688182787715776;0,039;0,194;9,49449057702244e-07
"Asgr1";6,64050937787648e-11;-0,828018843565309;0,333;0,498;1,023833735881e-06
"Ogfr";7,07180843961788e-11;0,307718891473517;0,455;0,283;1,09033142522028e-06
"Crisp3";7,45101232578295e-11;-1,86398007920254;0,534;0,685;1,14879708038922e-06
"Bzw1";7,71914391740815e-11;0,377279647403111;0,652;0,483;1,19013760918599e-06
"Ywhah";8,2683794892284e-11;0,377062517239547;0,652;0,474;1,27481874964923e-06
"Cd59a";8,30846056341865e-11;-0,305736597233337;0,025;0,176;1,28099844966789e-06
"Dsc3";8,48951532802252e-11;-0,385131360485156;0,022;0,167;1,30891347327451e-06
"Klhl5";8,64360459601086e-11;-0,352895211978067;0,104;0,277;1,33267095661295e-06
"Cfl2";8,65306102352184e-11;0,335470034569769;0,656;0,481;1,3341289486066e-06
"C130074G19Rik";8,89466645985182e-11;-0,258253511462026;0,022;0,169;1,37137967477995e-06
"H2-T23";8,90592902984766e-11;0,347058655259294;0,846;0,714;1,37311613782191e-06
"Tmem51";8,95552572345562e-11;0,256508830061492;0,394;0,229;1,38076295604239e-06
"0610040J01Rik";9,17852099740622e-11;0,312876211957773;0,448;0,278;1,41514436738009e-06
"Acpp";9,68197316342718e-11;-0,331424750401963;0,032;0,182;1,4927666223372e-06
"Vgll4";1,03013857832223e-10;0,321439991330116;0,513;0,33;1,58826766005721e-06
"Hmox1";1,06559009872618e-10;0,489096587052081;0,477;0,297;1,64292681421602e-06
"Rap1gap";1,15317932046334e-10;-0,523322672201987;0,204;0,376;1,77797187629038e-06
"Stx7";1,21026095443106e-10;-0,569997281693898;0,444;0,564;1,8659803395418e-06
"Dnajb6";1,4183581574966e-10;0,366811920812834;0,738;0,598;2,18682460722826e-06
"Klk1b8";1,41992837438681e-10;-1,10780918779607;0,072;0,232;2,18924556762958e-06
"Stim1";1,50393589701827e-10;-0,369439300491282;0,183;0,359;2,31876836602277e-06
"Lxn";1,72885952971774e-10;0,262881452491107;0,301;0,156;2,66555562291881e-06
"Znrd1";1,7325787104325e-10;0,293338096883269;0,538;0,36;2,67128985574484e-06
"Bspry";1,85027188547462e-10;0,250864712544079;0,427;0,255;2,85274919302476e-06
"Uqcr11";1,86370678327672e-10;-0,439893988713071;0,953;0,972;2,87346311845605e-06
"Pkp1";1,89122629488556e-10;-0,295835772331656;0,029;0,174;2,91589270145456e-06
"Lman1l";1,91571481620333e-10;-0,671448164554407;0,007;0,141;2,9536491036223e-06
"Map3k1";1,92305204146631e-10;0,359033758348661;0,627;0,463;2,96496163753275e-06
"Crim1";1,94431463193822e-10;-0,378803839033322;0,179;0,357;2,99774429952235e-06
"Nceh1";1,94571882574196e-10;-0,267156054867371;0,025;0,169;2,99990928552896e-06
"Cox5a";1,99981814226526e-10;-0,596116718220292;0,961;0,929;3,08331961174458e-06
"Txn1";2,04858927382364e-10;0,373742346195642;0,918;0,871;3,15851494238129e-06
"Hsd11b1";2,11628855774118e-10;-0,618193196500544;0,004;0,135;3,26289369832535e-06
"Tns4";2,16501221568816e-10;-0,279209869005935;0,018;0,157;3,338015834148e-06
"Snhg1";2,18278888951998e-10;0,37407008368737;0,703;0,532;3,36542390986191e-06
"4833439L19Rik";2,32213675650976e-10;-0,437641143434921;0,297;0,461;3,58027045118675e-06
"Psma3";2,34779436898798e-10;0,276876693021619;0,935;0,826;3,61982935810567e-06
"Atp5b";2,37744069109697e-10;-0,565812829946111;0,996;0,979;3,66553805753331e-06
"Hspa1b";2,43554612217674e-10;0,543135416774564;0,713;0,596;3,75512501117209e-06
"Oat";2,43987186985107e-10;0,478521084582151;0,703;0,568;3,76179444893638e-06
"Pakap.1";2,49258326109349e-10;-0,278075891628483;0,039;0,193;3,84306487195395e-06
"Sfn";2,75722574498385e-10;0,289632278373047;0,742;0,574;4,25109065361611e-06
"Foxq1";2,96153171024289e-10;0,451239084159266;0,674;0,46;4,56608959085249e-06
"Chpt1";2,96433195282926e-10;0,428672998554094;0,767;0,678;4,57040700487216e-06
"Bsnd";3,22902963518e-10;-0,279309755326433;0,032;0,18;4,97851789152053e-06
"Cftr";3,26802647217066e-10;-0,359274533328836;0,09;0,253;5,03864321479272e-06
"Nt5c2";3,41148360874454e-10;0,272413197645038;0,387;0,225;5,25982542796233e-06
"Aplp2";3,52469901824212e-10;-0,694745869504572;0,778;0,816;5,4343809463257e-06
"Sc5d";3,61816305914935e-10;-0,346322794569428;0,14;0,308;5,57848380459646e-06
"Fabp5";3,72403748737928e-10;0,624525322474524;0,699;0,533;5,74172099804138e-06
"Nfix";3,82709702679654e-10;0,325294922288764;0,885;0,832;5,90061819591491e-06
"5330417C22Rik";3,85086135270274e-10;-0,350838812451326;0,039;0,187;5,93725803359708e-06
"Ctsb";3,8594777603548e-10;0,470130638207234;0,806;0,644;5,95054281091503e-06
"Aopep";3,89455791435588e-10;0,406598635061481;0,842;0,722;6,00462939235389e-06
"Gm44386";4,00578053244654e-10;-0,279321410518526;0,036;0,181;6,17611242492607e-06
"Selenow";4,01979706516532e-10;0,332885684189128;0,896;0,834;6,1977231150719e-06
"Arpc1b";4,25693324821953e-10;0,328086534350738;0,882;0,767;6,56333968210487e-06
"Pmepa1";4,29059755123806e-10;-0,389358402137869;0,039;0,188;6,61524330449884e-06
"Cadps2";4,30237066493157e-10;-0,354870576683086;0,14;0,308;6,63339509119149e-06
"Sestd1";4,41140258578572e-10;0,289268055678713;0,312;0,172;6,80150050676442e-06
"Got1";4,55027531539094e-10;-0,423512078459245;0,197;0,371;7,01561448126975e-06
"Csrp2";4,89542643704563e-10;-0,577638242628712;0,477;0,601;7,54776848063695e-06
"H2afz";4,96366984460387e-10;0,349188665556657;0,939;0,889;7,65298616641024e-06
"Ank3";5,1491713238864e-10;-0,3844677362023;0,237;0,418;7,93899234716805e-06
"Slc25a33";5,18244166324972e-10;0,291580364030919;0,452;0,281;7,99028855639842e-06
"Spdef";5,23419393275752e-10;-0,289348402119583;0,043;0,19;8,07008020552555e-06
"Cgn";5,23914967698468e-10;0,297918328031687;0,437;0,278;8,07772097197499e-06
"Dst";5,26308029661768e-10;-0,329467226301246;0,068;0,223;8,11461720132514e-06
"Malat1";5,26327664671915e-10;0,282759589026631;1;0,999;8,11491993391158e-06
"Ccdc141";5,2734512007583e-10;-0,293087759270618;0,111;0,281;8,13060706132915e-06
"Adamts2";5,88045594465366e-10;-0,258078956013193;0,007;0,135;9,06648697546701e-06
"Erbb3";5,92230571249575e-10;0,307292716073789;0,441;0,277;9,13101094752594e-06
"Clk1";6,14751448588286e-10;0,309884495363479;0,738;0,544;9,47823783433419e-06
"D8Ertd738e";6,1641869402906e-10;0,295257219239179;0,892;0,856;9,50394342454005e-06
"Oaz1";6,17013036588783e-10;0,293140497945911;1;0,966;9,51310699812586e-06
"Ier5";6,1969321089732e-10;0,508424215648327;0,634;0,453;9,55442992561487e-06
"Nipal2";6,21978910282341e-10;0,369575717958831;0,699;0,543;9,58967083873313e-06
"Wsb1";6,61448012504897e-10;0,264854731997229;0,552;0,358;1,01982054568005e-05
"Mafb";6,75346003708816e-10;-0,433033585147748;0,029;0,167;1,04124846851825e-05
"U2af1";6,95422157214019e-10;0,332907266282391;0,685;0,534;1,07220188199257e-05
"Fmn1";7,15779449990269e-10;-0,298846564391497;0,082;0,24;1,103588755995e-05
"Srrm2";7,38952581854853e-10;0,319990716953783;0,9;0,884;1,13931709070381e-05
"Eva1a";7,60035241356626e-10;-0,284516333361208;0,029;0,167;1,17182233512365e-05
"Adgrf5";8,278461091008e-10;-0,337829283879155;0,029;0,166;1,27637313101161e-05
"Ndufa4";1,09137145716746e-09;-0,604069524506814;0,993;0,96;1,68267651266079e-05
"Oit1";1,09440820101769e-09;-0,521931827716406;0,022;0,154;1,68735856432908e-05
"Bbc3";1,17562580713009e-09;0,295432560863728;0,319;0,177;1,81257986943317e-05
"Cope";1,18111271635949e-09;-0,354704310674983;0,681;0,798;1,82103958608305e-05
"Hhatl";1,24102545596623e-09;-0,271766719586999;0,004;0,124;1,91341304800873e-05
"Slc43a2";1,24235881856034e-09;-0,279368929335443;0,05;0,197;1,91546882645633e-05
"Cpe";1,2475941011682e-09;-0,280494834613828;0,018;0,147;1,92354058518113e-05
"Tmem205";1,29536819504674e-09;0,296285272311078;0,699;0,536;1,99719868312306e-05
"Pank1";1,38297165588099e-09;-0,31901024666138;0,129;0,296;2,13226569903731e-05
"Man2b1";1,43824681406307e-09;-0,556214860458473;0,251;0,406;2,21748893792244e-05
"Clcnka";1,45185170141367e-09;-0,365855363918342;0,018;0,148;2,2384649532396e-05
"Bckdha";1,46979560776655e-09;-0,360304356484461;0,419;0,57;2,26613086805447e-05
"Col18a1";1,5087765965081e-09;-0,257241576673439;0,032;0,169;2,32623175649619e-05
"Eif3f";1,5317970101331e-09;0,26920776875682;0,928;0,869;2,36172463022321e-05
"C130026I21Rik";1,55518694739704e-09;-0,418312124935104;0,115;0,272;2,39778723549676e-05
"Kitl";1,6119036194536e-09;-0,381906518065232;0,043;0,181;2,48523300047357e-05
"Dag1";1,66646923239745e-09;0,316640339175312;0,552;0,377;2,56936226251039e-05
"Gria3";1,74965002536629e-09;-0,276879050157367;0,039;0,179;2,69761040910975e-05
"Ascc3";1,76369972897564e-09;0,315972146378926;0,498;0,332;2,71927224213464e-05
"Fam189a2";1,77282494335588e-09;-0,513184733865788;0,312;0,455;2,7333414976661e-05
"Gm26532";1,90737242537523e-09;0,372256252052171;0,409;0,248;2,94078680544353e-05
"2610016A17Rik";2,03587977935171e-09;-0,309378644374705;0,014;0,14;3,13891944380447e-05
"Arl4a";2,0888107253228e-09;-0,401814078293361;0,394;0,56;3,2205283763027e-05
"Vwf";2,12968802928333e-09;-0,36429260809546;0,025;0,155;3,28355300354904e-05
"Dusp1";2,221458044586e-09;0,614832748512208;0,742;0,597;3,42504401314269e-05
"Etf1";2,34555898802798e-09;0,311023038255038;0,588;0,43;3,61638284774154e-05
"Gsn";2,42937303466189e-09;-0,686441576927854;0,538;0,321;3,7456073448417e-05
"Tra2b";2,47356330504977e-09;0,327765462257138;0,771;0,648;3,81373990372574e-05
"Sumo1";2,51147103171395e-09;0,381293297517566;0,774;0,656;3,87218603669656e-05
"Ift20";2,54182798287873e-09;-0,296337258983802;0,563;0,727;3,91899038400242e-05
"Rit1";2,61164463767297e-09;0,270789382334801;0,434;0,277;4,02663370236418e-05
"Ncl";2,63727086247898e-09;0,301333654553895;0,914;0,852;4,06614421577009e-05
"Rgs2";2,66087415310246e-09;0,26356069395686;0,118;0,042;4,10253576925337e-05
"Klf13";2,68560848562238e-09;0,305815092953369;0,534;0,37;4,14067116313259e-05
"Trp53bp2";2,80800835908007e-09;0,280621402690125;0,369;0,222;4,32938728802965e-05
"Ywhae";2,83422708598058e-09;0,271070096588641;0,943;0,871;4,36981132116486e-05
"Tmem61";2,85335326978261e-09;-0,267251486397985;0,022;0,151;4,39930007135082e-05
"Dnajc9";3,04418233728744e-09;0,285796613474882;0,351;0,204;4,69352032762978e-05
"Mif";3,08427315177934e-09;-0,706742486154145;0,932;0,927;4,75533234541339e-05
"Atp6v1e1";3,09818665164651e-09;-0,596804684525151;0,688;0,77;4,7767841795086e-05
"Snw1";3,13823464991102e-09;0,3184585273766;0,642;0,487;4,83853018323281e-05
"Mfge8";3,14969013581661e-09;0,39032018058877;0,366;0,215;4,85619225140205e-05
"Tll1";3,30499618202006e-09;-0,426207270397604;0,004;0,12;5,09564311343853e-05
"Timp3";3,32201716088786e-09;0,466547992722581;0,473;0,304;5,1218860586569e-05
"Enc1";3,65059302613647e-09;0,251942150184124;0,405;0,246;5,62848432769721e-05
"Pip";3,74301173842004e-09;-3,99505229648785;0,903;0,937;5,77097549829602e-05
"Ybx2";3,78598394266978e-09;-0,257788691618477;0,047;0,184;5,83723004280826e-05
"Txnl1";4,10794290960942e-09;0,331586775898601;0,728;0,571;6,3336263780358e-05
"Tap2";4,16644487407656e-09;0,296535679337931;0,437;0,287;6,42382470685124e-05
"Srrm1";4,28607041517573e-09;0,311368231912037;0,806;0,712;6,60826336611794e-05
"Trdc";5,02264996387616e-09;-0,288106305580621;0,043;0,177;7,74392171430426e-05
"Slc25a12";5,04263391512888e-09;-0,286282107352744;0,122;0,278;7,77473297034571e-05
"Ctnna1";5,32479879952722e-09;0,358867534456331;0,703;0,557;8,20977478911107e-05
"Stx3";5,47509929307601e-09;0,347332756580894;0,434;0,286;8,4415080900646e-05
"Mcee";5,60104632135576e-09;-0,372815498306931;0,62;0,72;8,6356932182663e-05
"Ndufb2";5,60735793424381e-09;-0,404652427163088;0,792;0,877;8,64542446301711e-05
"Dnajc19";5,778046183807e-09;-0,323359206698389;0,427;0,589;8,90859160619363e-05
"Tmed5";5,86059346870981e-09;0,254300347874179;0,516;0,341;9,03586301005679e-05
"Ywhaq";6,03060268566632e-09;0,353628372890909;0,803;0,725;9,29798322076033e-05
"Smim14";7,31532271879931e-09;-0,42612715541788;0,663;0,758;0,000112787645678448
"Arpc4";7,34899286954084e-09;0,27682710279447;0,53;0,374;0,000113306772062581
"Ndufv2";7,41568230981038e-09;-0,382159400268874;0,71;0,815;0,000114334989852656
"Pfkfb3";7,4363382577201e-09;-0,341464151061352;0,047;0,181;0,000114653463257529
"Dapl1";7,59182833904072e-09;-0,299801225589242;0,029;0,157;0,00011705080933133
"Mafk";7,89862857293333e-09;0,323133205133854;0,541;0,381;0,000121781055337486
"Prdx6";8,0913736194826e-09;0,3557929252237;0,903;0,82;0,000124752798465183
"Cyth2";8,28927529716847e-09;0,257716505476716;0,527;0,367;0,000127804046531743
"Lman1";8,38846361029311e-09;-0,348636652594872;0,427;0,569;0,000129333331943499
"Ndufs2";8,4881775558174e-09;-0,40015634744038;0,71;0,776;0,000130870721555593
"Actn4";8,73105155894875e-09;0,332435284193996;0,774;0,644;0,000134615352935872
"Uqcc2";9,14433080154596e-09;-0,381306157820864;0,47;0,6;0,000140987292298236
"Dazap2";9,23197856523772e-09;0,29847572453275;0,699;0,549;0,000142338645518835
"Plcg2";9,3610683056349e-09;-0,39240458854731;0,104;0,247;0,000144328951136279
"Klhdc7a";9,83945769897279e-09;-0,316524717852712;0,14;0,291;0,000151704758802762
"Rnasek";1,02749772247522e-08;-0,529109265987639;0,928;0,914;0,000158419598851229
"Csprs";1,05017064875721e-08;0,280956349277412;0,455;0,304;0,000161915310625386
"Vamp8";1,06706682766836e-08;0,284622560681027;0,975;0,93;0,000164520363489908
"Ybx1";1,15232725436475e-08;0,269568214958738;0,946;0,886;0,000177665816077957
"Ndufs7";1,16341198871304e-08;-0,368865556832642;0,803;0,876;0,000179374860419776
"Zyx";1,16884303896154e-08;0,358286178862606;0,369;0,231;0,000180212219747091
"Krtcap2";1,17430760194719e-08;-0,360334060230482;0,681;0,824;0,000181054746068217
"Cdc42ep4";1,18266894713543e-08;0,298761745293599;0,401;0,254;0,000182343898269341
"Klc3";1,34396334982166e-08;0,266839473233222;0,498;0,336;0,000207212269275503
"Arf1";1,34591215116408e-08;0,259490697463943;0,932;0,873;0,000207512735466478
"Ndufs5";1,39009223367983e-08;-0,387501778008998;0,817;0,883;0,000214324420588756
"Nipa2";1,45208411781439e-08;0,250087968441571;0,484;0,319;0,000223882329284623
"Serpinb11";1,55080985247627e-08;-0,584523498215742;0,018;0,132;0,000239103863054791
"Tifa";1,56083038597715e-08;0,373562997064507;0,484;0,345;0,000240648828909956
"Spty2d1";1,63514392540584e-08;0,287364412819536;0,462;0,312;0,000252106490419072
"Muc13";1,70643524994334e-08;-0,329029543879261;0,011;0,121;0,000263098186836264
"Rragd";1,78676593762879e-08;-0,394923918593242;0,269;0,411;0,000275483572263607
"Micos10";1,84640079954549e-08;-0,371913456767662;0,864;0,922;0,000284678075273924
"Sdhb";1,86375264014663e-08;-0,417551744235318;0,728;0,818;0,000287353382057808
"Dsp";2,00903092458588e-08;0,358498082607482;0,713;0,576;0,00030975238795265
"Hmgb2";2,10485715977447e-08;0,285658499715191;0,731;0,591;0,000324526876894027
"Csnk1a1";2,17554702158041e-08;0,289530318833601;0,864;0,787;0,000335425839787268
"Col11a1";2,17626265097367e-08;-0,470134514437658;0,004;0,108;0,00033553617552712
"Mul1";2,18731054287919e-08;0,335515718692864;0,473;0,321;0,000337239539501113
"Def6";2,26179669543215e-08;-0,280565006726325;0,072;0,207;0,000348723814501728
"Fam25c";2,29746067425312e-08;-0,509166721429696;0,029;0,148;0,000354222486756346
"Irx3";2,49624432114086e-08;0,345669387786845;0,462;0,311;0,000384870949433498
"March7";2,51368518867894e-08;0,394228056619025;0,53;0,402;0,000387559982390519
"Stard10";2,55247378462293e-08;-0,315543547062033;0,631;0,792;0,000393540408113163
"Srp19";2,55288602733066e-08;-0,312190333227919;0,355;0,505;0,000393603967693841
"Trp53i11";2,57421609632317e-08;-0,308610259776595;0,039;0,165;0,000396892637731107
"Impa2";2,67982963945574e-08;-0,277882153143996;0,122;0,267;0,000413176133811287
"Cox17";2,71657235930459e-08;-0,399944407039124;0,595;0,692;0,000418841126357581
"Asrgl1";2,97244707672226e-08;-0,48048165081504;0,136;0,28;0,000458291890289038
"Stt3b";3,01003971214276e-08;-0,25549039910444;0,133;0,28;0,00046408792281817
"Bag1";3,06805689712471e-08;0,339987805480831;0,735;0,629;0,000473033012398688
"Colec12";3,09130134129046e-08;-0,263002123531909;0,025;0,142;0,000476616840800164
"Tra2a";3,16517714058002e-08;0,296512877320546;0,703;0,543;0,000488007011534627
"Taf7";3,37150616778277e-08;0,266058937608664;0,405;0,26;0,000519818820948747
"Ran";3,55450803210009e-08;0,280189974019253;0,789;0,657;0,000548034048389192
"Tceal8";3,55761562424239e-08;0,599396495095178;0,613;0,508;0,000548513176945692
"Krt7";3,62899954409972e-08;0,417698770022861;0,918;0,746;0,000559519149709295
"Ogt";3,6362275143335e-08;-0,296091882453559;0,297;0,457;0,000560633558159939
"Irak1";3,64960106247912e-08;-0,273998738938779;0,269;0,432;0,000562695491813031
"Ddt";3,83460040769061e-08;0,294719970307239;0,774;0,647;0,000591218690857738
"Raly";4,55184421755222e-08;0,338066300608693;0,667;0,539;0,000701803341462201
"Cwh43";4,63712791428981e-08;-0,388061262537145;0,179;0,324;0,000714952381825203
"Vdac1";4,74488532682972e-08;-0,375442629038272;0,731;0,804;0,000731566419690606
"Dcdc2a";4,75266962151396e-08;-0,283189542847117;0,004;0,104;0,000732766602245022
"Emp2";4,78114812778618e-08;-0,400368519461425;0,24;0,381;0,000737157418342074
"Dnttip2";4,78376423834161e-08;0,268376173861246;0,552;0,401;0,000737560770267509
"Gng4";4,81184748148472e-08;-0,339829226895959;0,039;0,159;0,000741890644695313
"B4galnt1";4,95246598790257e-08;0,27779866593253;0,559;0,407;0,000763571206014819
"Ncoa7";5,04454115965688e-08;0,334081984508645;0,358;0,221;0,000777767355995897
"Sytl1";5,25969810338494e-08;-0,266500283474174;0,147;0,291;0,00081094025357989
"Fcgrt";5,43798036834543e-08;-0,304438200084224;0,118;0,258;0,000838427813191499
"Gpx1";5,45447007802139e-08;0,266359002282875;0,978;0,938;0,000840970196629338
"Tmem59l";5,73779197749662e-08;-0,333344736826502;0,004;0,103;0,000884652767090429
"Nans";5,87570557194673e-08;-0,357873204841911;0,333;0,464;0,000905916285082747
"Llph";5,87741931265227e-08;0,307192671342922;0,71;0,579;0,000906180509624727
"Rab11a";6,06386435352748e-08;0,348519100404804;0,588;0,462;0,000934926606026867
"Uqcrfs1";6,41125749061798e-08;-0,399750347424191;0,832;0,866;0,00098848767990348
"Gm44410";6,71867375411628e-08;-0,619711714742435;0,014;0,119;0,00103588511940965
"Ank2";7,0505539943717e-08;-0,300787381261604;0,032;0,147;0,00108705441485223
"Ube2d2a";7,37044142737443e-08;0,276956637702831;0,703;0,568;0,00113637465927259
"Alkbh5";7,53256473913529e-08;-0,339703414630075;0,269;0,424;0,00116137083147988
"Sh3bp5";7,57414043651185e-08;-0,254273879080536;0,097;0,233;0,0011677809725014
"Pam";7,84866970689578e-08;-0,78248851041439;0,384;0,487;0,00121010789540919
"Nrip3";8,0089730759956e-08;-0,42264447152922;0,072;0,2;0,001234823468857
"Cd164l2";8,17577163344995e-08;-0,392607693222272;0,229;0,37;0,00126054047044531
"Blnk";8,52035099875251e-08;-0,295661538208338;0,129;0,269;0,00131366771698766
"Pcmtd1";8,74225828974486e-08;-0,301441950273972;0,391;0,534;0,00134788138311286
"Coq7";8,83930878224578e-08;-0,341378929346628;0,351;0,488;0,00136284462804665
"Lrrc59";9,61224123310777e-08;0,262492892979579;0,484;0,34;0,00148201535332056
"Rsrc2";1,02783162594867e-07;0,286702745076418;0,731;0,604;0,00158471080088766
"Pycr2";1,04657941700532e-07;-0,30590112848554;0,179;0,323;0,00161361614513881
"Ogdh";1,19077871900395e-07;-0,382210653775965;0,416;0,538;0,0018359426289603
"Ndufa11";1,20673321872304e-07;-0,402985879292222;0,878;0,912;0,00186054127662718
"Vps36";1,23963022923867e-07;-0,617432236815729;0,387;0,501;0,00191126188744019
"Atp5c1";1,31402275909653e-07;-0,423927519831479;0,921;0,915;0,00202596028997503
"Atp5l";1,32437151551995e-07;-0,403307265874722;0,982;0,964;0,00204191600262866
"Gm11716";1,38759850860594e-07;-0,26752257862574;0,072;0,197;0,00213939938056864
"Crlf1";1,39278818160321e-07;-0,361690285651249;0,1;0,228;0,00214740081839583
"Ndufb8";1,3955596133252e-07;-0,370291198431038;0,889;0,92;0,0021516738118248
"Coq9";1,43560772313667e-07;-0,303661594441289;0,305;0,439;0,00221341998753212
"Atp6v0e";1,46667164046047e-07;0,268240843945689;0,892;0,758;0,00226131433526196
"Chchd10";1,63050575756322e-07;-0,466499845746076;0,993;0,968;0,00251391377701097
"Nfyb";1,84261231642439e-07;0,266754214978995;0,33;0,207;0,00284093966946313
"St3gal4";1,86102936441173e-07;-0,549833529038034;0,172;0,293;0,00286933507405
"Gm42418";1,90860608023349e-07;-0,628531099863899;1;1;0,00294268885450399
"Pon1";2,00362432525621e-07;-0,271620310063585;0,007;0,102;0,00308918798468002
"Tmcc3";2,00428085251715e-07;-0,306425381450027;0,179;0,323;0,00309020021841094
"Tacc2";2,1016877895113e-07;-0,429727941737808;0,29;0,423;0,00324038223386852
"Ccser2";2,11027415141232e-07;0,272664901038498;0,495;0,364;0,00325362068664751
"Atp1a1";2,11032814804903e-07;-0,694124576504795;0,968;0,959;0,00325370393866199
"Gm49708";2,11430398068305e-07;-0,251924371810812;0,05;0,166;0,00325983387741713
"Kcnj8";2,43608936753189e-07;-0,260190453827578;0,018;0,121;0,00375596258686066
"Tbrg1";2,5962546708809e-07;0,29718797650914;0,656;0,542;0,00400290545156417
"Chic2";2,59944341592263e-07;0,26096639937626;0,541;0,391;0,0040078218586695
"Canx";2,7011015730207e-07;-0,308668774871596;0,47;0,603;0,00416455840528331
"Snrpb";2,77828917007303e-07;0,273097107243225;0,821;0,745;0,0042835662424186
"Marcks";2,79166784379582e-07;-0,292439671870734;0,111;0,244;0,0043041934815644
"Bzw2";2,88906120053392e-07;0,282010750564527;0,495;0,351;0,00445435455898319
"H2afj";3,01758760580201e-07;-0,593052919827521;0,864;0,942;0,00465251657062554
"Pdha1";3,18344579982102e-07;-0,30228858898735;0,455;0,588;0,00490823673416405
"Arpc2";3,23463677241705e-07;0,310358217760046;0,742;0,64;0,0049871629757126
"Atp5a1";3,26538641280929e-07;-0,432403561365853;0,971;0,952;0,00503457277126936
"Cox7a1";3,29237333688857e-07;-0,625658557636469;0,24;0,362;0,0050761812108148
"Pnkd";3,46246648861973e-07;-0,329387193132973;0,527;0,618;0,0053384308321539
"Ndufs6";3,46779694692586e-07;-0,319889612698409;0,796;0,875;0,00534664933277029
"Map1lc3b";3,4873871246195e-07;0,26184519170316;0,921;0,882;0,00537685346873834
"Sarnp";3,63545298452495e-07;0,279823598273347;0,667;0,523;0,00560514141154057
"Mrpl12";3,72364640053293e-07;-0,316802650658834;0,627;0,718;0,00574111802034167
"Man1a2";3,74058881988511e-07;-0,281139483817481;0,254;0,397;0,00576723984249886
"Acot13";4,06902919662691e-07;-0,357125893790139;0,47;0,579;0,00627362921535937
"Ndufa13";4,18886048512655e-07;-0,352859813860713;0,95;0,969;0,00645838509596812
"Cisd1";4,23139563479573e-07;-0,340932937201309;0,52;0,63;0,00652396578972806
"Uqcr10";4,44192390852955e-07;-0,5405753409353;0,968;0,944;0,00684855828217087
"Pigr";4,53612247910084e-07;-0,555035107639138;0,043;0,149;0,00699379363827767
"Azin1";4,53731538678494e-07;0,264622392353935;0,538;0,402;0,00699563286334503
"Cttnbp2";4,62193258414067e-07;-0,259556786047109;0,125;0,254;0,00712609565822809
"Ldhb";4,84516852723572e-07;-0,912125924674636;0,656;0,677;0,00747028083529203
"Abracl";4,92260793478536e-07;0,340300642144939;0,735;0,618;0,00758967691385207
"Dnajc21";4,92272521980011e-07;0,302626040980324;0,548;0,415;0,00758985774388782
"Tuba1a";4,96555632997524e-07;0,350967426376954;0,523;0,371;0,00765589474955582
"0610012G03Rik";5,35962997205462e-07;-0,289291849533049;0,473;0,589;0,00826347749091382
"Pigt";6,0637863613092e-07;0,267489609246551;0,47;0,336;0,00934914581186653
"Dek";6,37696368223732e-07;0,255065629599883;0,71;0,574;0,0098320026052735
"Uqcrb";6,74603969348834e-07;-0,486648934497988;0,975;0,954;0,0104010439994203
"Tsc22d1";6,95519761141011e-07;-0,867188790223787;0,72;0,741;0,0107235236772721
"Bst2";7,96485749091852e-07;0,281503706591791;0,459;0,305;0,0122802172794982
"Atp6v0b";8,02503128202761e-07;-0,542270829457011;0,846;0,901;0,0123729932306302
"Zfp106";8,17980700297385e-07;-0,275872984394895;0,308;0,444;0,0126116264371851
"Klf9";8,30574336662953e-07;0,255216594742075;0,771;0,693;0,0128057951226694
"Vegfa";9,19954534979918e-07;-0,389750553547986;0,233;0,363;0,0141838590203204
"Dnajb4";9,40112708075702e-07;0,278231291039368;0,387;0,261;0,0144946577331112
"Mgll";9,55378626633683e-07;-0,570262584031118;0,24;0,355;0,0147300276654381
"Aldh1l1";1,09995129902868e-06;-0,250525923204459;0,1;0,218;0,0169590491284242
"Ndufv1";1,10169268134319e-06;-0,333714893510979;0,649;0,739;0,0169858977609493
"Snhg4";1,12277161671882e-06;-0,326811082674599;0,323;0,451;0,0173108927865708
"Jak1";1,14872363580694e-06;-0,273990978123239;0,194;0,322;0,0177110210168714
"Adm";1,1564331985261e-06;-0,311876200404972;0,057;0,166;0,0178298870548754
"Dtnbp1";1,2155836959014e-06;-0,315452237387901;0,297;0,416;0,0187418694234078
"Chka";1,23345019252304e-06;0,284326645631532;0,796;0,711;0,0190173350683203
"Myo18a";1,25437940025266e-06;-0,254812442150344;0,154;0,28;0,0193400215930955
"Ccpg1";1,26018055146549e-06;-0,406992559205718;0,452;0,553;0,019429463742495
"Akap7";1,26197793301343e-06;-0,324055582164816;0,172;0,292;0,0194571757712011
"Etv1";1,26964228799685e-06;-0,268812503891004;0,047;0,149;0,0195753447963354
"Atp5j";1,28128308893039e-06;-0,366880767537338;0,982;0,981;0,0197548226651288
"Pdia6";1,30575049696811e-06;-0,37364345094793;0,387;0,505;0,0201320611622543
"Tent5a";1,31454087862629e-06;-0,292492098427333;0,097;0,216;0,0202675912666602
"Edem2";1,34793172505396e-06;-0,276453046235371;0,19;0,321;0,0207824113368819
"Pbx1";1,54224395433816e-06;0,271047980812055;0,681;0,577;0,0237783172879857
"Mpc1";1,62991795578067e-06;-0,454341426613933;0,774;0,821;0,0251300750422263
"Dusp6";1,66124540794731e-06;-0,262387477941071;0,133;0,258;0,0256130816997317
"Sema3c";1,86325587934945e-06;-0,316708291159946;0,136;0,255;0,0287276791478098
"Ndufs1";1,94815155159998e-06;-0,268045503464391;0,265;0,397;0,0300366006225685
"Erbin";2,23635778141825e-06;-0,339444784881868;0,412;0,528;0,0344801642739065
"Atp5o";2,23690154034849e-06;-0,38220868837322;0,953;0,933;0,0344885479490931
"Lpo";2,23880858719865e-06;-0,593732662704221;0,057;0,159;0,0345179507974288
"Nol7";2,26304473866724e-06;0,255990227373158;0,814;0,745;0,0348916237807714
"Trp53inp2";2,26891358275274e-06;-0,251234886455646;0,226;0,355;0,0349821096188818
"Ndufb1-ps";2,28904996236377e-06;-0,341172726953525;0,828;0,902;0,0352925723197247
"Ndufv3";2,45726978415069e-06;-0,291102423062868;0,735;0,838;0,0378861855320353
"Cox6a1";2,48532175343379e-06;-0,433819133687887;0,946;0,937;0,0383186907944422
"Arhgap18";2,55692636908672e-06;-0,301644362766888;0,176;0,294;0,0394226907585791
"Ankrd10";2,59818059420365e-06;-0,253627830007199;0,172;0,294;0,0400587484014319
"Znrf2";2,67197636245501e-06;0,264402127190864;0,38;0,26;0,0411965315563313
"Rere";2,73736518632748e-06;-0,25998847750916;0,197;0,326;0,0422046964427972
"Ociad2";2,92788907336803e-06;-0,381793713204138;0,168;0,286;0,0451421937331882
"Gdf15";2,97433073998521e-06;0,520585339213062;0,104;0,043;0,0458582313490919
"Atp5g3";2,99883089118717e-06;-0,380573578121732;0,939;0,948;0,0462359746803237
"Rpn1";3,0691466756647e-06;-0,251716799745676;0,387;0,515;0,0473201034453984
"Sec61a1";3,24155348486448e-06;-0,267253081144975;0,33;0,458;0,0499782716296406
"Pbxip1";3,33961937649569e-06;0,2545175322424;0,713;0,566;0,0514902515468105
"Cox5b";3,46425791077977e-06;-0,442730450089426;0,978;0,958;0,0534119284684025
"Ndufb7";4,20258459031103e-06;-0,305928923941085;0,796;0,878;0,0647954492134154
"Tmem258";4,25590376180401e-06;-0,283860616973041;0,609;0,707;0,0656175241994942
"Myh9";4,3184741323646e-06;0,250644607832082;0,498;0,376;0,0665822341727975
"BC005561";4,40174432231815e-06;0,260034053905254;0,505;0,389;0,0678660939615012
"Fdps";4,41320174833123e-06;-0,531312690460461;0,301;0,416;0,0680427445557709
"Ndufb3";4,43878785468079e-06;-0,270986200417693;0,753;0,818;0,0684372311434684
"Chchd3";4,55257639290531e-06;-0,351767842192724;0,498;0,569;0,0701916228258141
"Hpcal1";4,75526682790697e-06;-0,33277243386371;0,362;0,47;0,0733167039526696
"Tpd52";4,84654306178716e-06;-0,275356396277573;0,735;0,819;0,0747240009266344
"Idh3g";4,98576070773956e-06;-0,344842469997102;0,602;0,666;0,0768704585919285
"Rsrp1";5,17882114810854e-06;-0,287352617353914;0,609;0,727;0,0798470644615374
"Ndufb11";5,34169343314451e-06;-0,327467309772043;0,946;0,941;0,0823582293522221
"Kmt2e";5,48854814771465e-06;0,278425243266459;0,624;0,499;0,0846224353414644
"Oxct1";6,46702529732077e-06;-0,441946546613456;0,624;0,703;0,0997085960340917
"Cib1";6,82024547334114e-06;0,266176048920778;0,541;0,415;0,105154544707974
"Elf1";6,8870755014019e-06;0,283924469702649;0,573;0,463;0,106184930080615
"G0s2";6,98318814568007e-06;-0,715354096708522;0,362;0,479;0,107666794830095
"Hexim1";7,34492121495755e-06;-0,258833803458637;0,111;0,219;0,113243995292215
"Tsta3";7,61294062744131e-06;-0,331305465186228;0,265;0,379;0,11737631859389
"Ifi30";7,70493191647237e-06;0,319584277952601;0,573;0,463;0,118794640288171
"Pafah1b1";8,49271397464574e-06;0,258862197687962;0,738;0,612;0,130940664061088
"2410002F23Rik";9,11425492293848e-06;-0,41607010090888;0,272;0,378;0,140523582401866
"Snx10";9,16913868361738e-06;-0,304307911647893;0,344;0,458;0,141369780224013
"Ppig";9,20906686199158e-06;0,267693872880215;0,652;0,535;0,141985392878186
"Chchd7";9,79033403871326e-06;0,26036236100638;0,584;0,461;0,150947370208881
"Aldh1a3";1,04972973130372e-05;-0,633885843416158;0,147;0,248;0,161847329972407
"Rab5a";1,06176217749587e-05;0,273528774050017;0,634;0,517;0,163702492526313
"Txndc9";1,06645413573002e-05;0,287312580861438;0,538;0,43;0,164425898646855
"Eif2s2";1,11001996227619e-05;0,258686639127411;0,889;0,884;0,171142877783743
"Sec61g";1,12568961250234e-05;-0,280764596848178;0,885;0,946;0,173558824455611
"Uqcrc2";1,18133496255653e-05;-0,344121374883052;0,767;0,782;0,182138224526966
"Ptms";1,18344089609527e-05;0,35034618757016;0,853;0,849;0,182462917359968
"Creb3l1";1,22096252542001e-05;-0,267226012875991;0,068;0,163;0,188248002169257
"Ptpn1";1,2437063115272e-05;0,258806052478111;0,484;0,366;0,191754639111263
"Mrps24";1,31186665072632e-05;-0,267037719544543;0,577;0,663;0,202263600208983
"Micos13";1,35574139468174e-05;-0,27981189961688;0,842;0,885;0,209028208232031
"Ppp1r14b";1,37594161612324e-05;-0,306923165000615;0,599;0,674;0,212142678373881
"Slc44a3";1,37691011890868e-05;-0,276383386844001;0,265;0,379;0,21229200213334
"Plec";1,38344708850392e-05;-0,289484997828619;0,344;0,449;0,213299872105535
"Apoo";1,42366960454957e-05;-0,251396019864939;0,376;0,494;0,219501379629453
"Rab3d";1,45786925904533e-05;-0,253924497538181;0,151;0,26;0,22477428235961
"Slc25a11";1,46207898014443e-05;-0,258047411134666;0,473;0,583;0,225423337158669
"1110008P14Rik";1,48117257750417e-05;-0,27775617098558;0,48;0,58;0,228367187999593
"Gm16233";1,53872541703957e-05;-0,276918185234229;0,029;0,109;0,237240684799161
"Ndufa5";1,59088771114689e-05;-0,340625006734004;0,835;0,857;0,245283067304628
"Itpr2";1,59096381497834e-05;-0,625017845941113;0,394;0,468;0,24529480099336
"Hmgn5";1,67068523166641e-05;0,292970336166425;0,616;0,501;0,257586249018327
"Mat2a";1,67707413320194e-05;0,298166511817477;0,559;0,444;0,258571289857075
"Gadd45a";1,68206766874799e-05;-0,655580394518431;0,394;0,482;0,259341193167565
"Cmpk1";1,71634826611166e-05;-0,397543047970024;0,466;0,549;0,264626575669095
"Tnfrsf21";1,73247728922077e-05;-0,256490812773759;0,122;0,228;0,267113348452058
"Slc3a2";1,77514742314548e-05;0,305344444284267;0,753;0,678;0,27369222970057
"Etfb";1,8019407179158e-05;-0,254709271963845;0,771;0,836;0,277823219888258
"Brd2";1,93785138658538e-05;0,309521415576049;0,634;0,538;0,298777926783734
"Fam162a";1,96319399756884e-05;-0,278245393176662;0,384;0,483;0,302685250545164
"Fuom";2,43589600154192e-05;-0,280260872535421;0,538;0,623;0,375566445517733
"Gm26917";2,49350091797273e-05;-1,53743192688964;0,416;0,52;0,384447971533035
"Mtx2";2,57148831721668e-05;-0,258280856828365;0,358;0,464;0,396472068748467
"Bckdk";2,58920493771518e-05;-0,298147605048;0,312;0,422;0,399203617296927
"Ssr4";2,74527778030748e-05;-0,320663601160778;0,857;0,938;0,423266928167807
"Wnt4";2,81086214480943e-05;-0,674098134600388;0,452;0,517;0,433378725486717
"Cdkn1c";3,25203716606948e-05;-0,321610460575007;0,079;0,171;0,501399090264592
"Trabd";3,2805630345535e-05;-0,261557747525871;0,409;0,498;0,505797208667459
"Cgnl1";3,56601938082042e-05;-0,257129530942072;0,33;0,442;0,549808868134892
"Ndufb6";3,63054118250081e-05;-0,312415238635971;0,767;0,799;0,559756839517975
"Tpd52l1";4,21802672230913e-05;-0,303898354110466;0,287;0,387;0,650335360045621
"Iscu";4,28525997483634e-05;-0,339522045948632;0,527;0,598;0,660701382920268
"Ndufs3";4,35918256316668e-05;-0,330528101381862;0,746;0,772;0,672098767589038
"Cox6b1";4,6831720333247e-05;-0,318522246317793;0,989;0,953;0,722051464098003
"Acss1";4,82712986306365e-05;-0,251219836926749;0,265;0,372;0,744246882287154
"Dpm3";4,84572011233128e-05;-0,283383014226029;0,53;0,619;0,747113126919236
"Mdh2";5,2219089733677e-05;-0,337393868791772;0,853;0,851;0,805113925513832
"Fgg";5,41482736100471e-05;-1,14775745856261;0,032;0,106;0,834858082519707
"Arpc5";5,83367588212988e-05;0,252750641339253;0,616;0,53;0,899436147506784
"Ndufb10";6,05951745973286e-05;-0,313582295562383;0,896;0,894;0,934256401941612
"Mrpl42";6,75422298218254e-05;-0,282659524240982;0,588;0,655;1
"Pde1c";6,79816643906729e-05;-0,388478441731882;0,186;0,281;1
"Cox4i1";6,80135309460046e-05;-0,326627125296882;1;0,989;1
"Smarca5";7,40335880829143e-05;0,250675132296684;0,577;0,474;1
"Smgc";7,53333977824078e-05;-5,18435907088524;0,925;0,953;1
"Scgb2b27";7,53932217535379e-05;-3,99151023348399;1;0,998;1
"Mucl1";8,17883823851395e-05;-0,29179317409548;0,09;0,177;1
"Elovl7";8,46947896396174e-05;-0,315753001534245;0,308;0,398;1
"Cd164";0,000116264479555743;-0,26570450779776;0,756;0,802;1
"Sptbn1";0,000118093655619775;-0,254601024186501;0,362;0,467;1
"Ndufa10";0,000118203636871484;-0,257528514224398;0,67;0,716;1
"Ppargc1a";0,000121680315751388;-0,664477362984856;0,437;0,494;1
"Tmem9b";0,000121844016633381;-0,30760434162392;0,319;0,406;1
"Ly6d";0,000128010793341235;-1,10747243670829;0,179;0,267;1
"Atp5h";0,000143813268408662;-0,296326942042448;0,978;0,969;1
"Pycard";0,000157983197170183;-0,315958563589115;0,419;0,501;1
"Tle5";0,000159402441314453;-0,338916917081073;0,943;0,948;1
"Ndufb4";0,000168348356504898;-0,354413949389721;0,882;0,889;1
"Tcn2";0,000180313051408597;-0,258966931940528;0,649;0,709;1
"Clint1";0,00019565172453791;-0,426398073944756;0,459;0,502;1
"Atp5md";0,000229754436763266;-0,333383253155333;0,903;0,909;1
"Cox6c";0,000233491177381261;-0,424491384239681;0,996;0,969;1
"Mapk13";0,000250715244663212;-0,3597314491382;0,373;0,443;1
"Bglap3";0,000263136100228162;0,473979810204161;0,638;0,58;1
"Gnas";0,000263234342095426;-0,505610911342834;0,993;0,99;1
"Id3";0,000270294411856945;-0,541627738987364;0,1;0,181;1
"Xbp1";0,00031054490485935;0,265908371233849;0,789;0,756;1
"Arg1";0,000321337690089605;-0,425414893590784;0,262;0,348;1
"Snhg3";0,000384410696703382;0,293862300676522;0,455;0,37;1
"App";0,000393389697392313;-0,646144869040982;0,821;0,816;1
"Cyc1";0,000440399704674191;-0,305600299756474;0,839;0,864;1
"Atp5j2";0,000461849864231814;-0,255745432724756;0,978;0,976;1
"Mdh1";0,000564639478173022;-0,389344726331144;0,921;0,917;1
"Pkp4";0,000674806083227951;-0,340627122512207;0,52;0,564;1
"Pcp4l1";0,000698497861851118;0,275171001035627;0,394;0,298;1
"Baiap2";0,000728468778140969;0,397502400448306;0,527;0,465;1
"Atp5d";0,000832285016021939;-0,266014344860004;0,989;0,985;1
"Prlr";0,000852825899474097;-0,573395537391911;0,197;0,27;1
"Serpinb6a";0,00091622616425949;-0,519931126844969;0,796;0,779;1
"Palld";0,000979709997688016;0,516604432355714;0,48;0,405;1
"Gsto1";0,00120285758268026;-0,405999850207065;0,251;0,322;1
"Atp5f1";0,00137772190974169;-0,256122525950086;0,935;0,912;1
"Cbr2";0,00185722915919942;0,300839914835737;0,341;0,263;1
"Cab39";0,00193839549256124;-0,277311960324572;0,43;0,487;1
"Serpinb9";0,00209983347948495;-0,581070633989384;0,272;0,328;1
"Dcn";0,00210311034035844;-1,74316375121498;0,057;0,115;1
"Slc25a3";0,00255077607328247;-0,254055860716688;0,982;0,95;1
"Prdx5";0,00278516472161384;-0,448108870979853;0,907;0,862;1
"Ly6a";0,0035016033827463;-0,726549585162593;0,326;0,379;1
"H1f0";0,00357191655532883;0,368396855123739;0,595;0,56;1
"Agt";0,00383972774739616;-0,58664047464802;0,122;0,177;1
"Khdrbs3";0,00464018531851509;-0,256350656929569;0,179;0,238;1
"Pgam1";0,00480617217218792;-0,317594130599842;0,656;0,682;1
"Gne";0,00687935430652261;-0,261130906523048;0,283;0,338;1
"Sox4";0,00855187288544093;0,404911058431712;0,581;0,514;1
"Kcnn4";0,0125270196562778;-0,307513415602294;0,111;0,159;1
"Cited4";0,014156021966883;0,270899281023934;0,717;0,706;1
"Ndufa12";0,0143056447750315;-0,253010790736761;0,867;0,874;1
"Dhrs3";0,0171783895167904;-0,270431001742711;0,186;0,231;1
"Tfcp2l1";0,0186906070843716;-0,292965663137724;0,835;0,788;1
"Ucp2";0,0220099839828672;-0,253096788751827;0,498;0,53;1
"Lgals3";0,0240164299570197;-0,52014789305119;0,315;0,372;1
"Hadh";0,0242519855907307;-0,256491922949513;0,523;0,526;1
"Gabarapl1";0,0297585431059387;-0,283243400876797;0,577;0,621;1
"Resf1";0,0298218500662301;-0,531090592286268;0,513;0,536;1
"S100a13";0,0351275497484595;-0,279551143964341;0,491;0,497;1
"Hist1h2bc";0,0378397114657022;-0,313360444537798;0,376;0,425;1
"Gstt3";0,0461338160594203;-0,253067634179015;0,319;0,348;1
"Ifit1";0,0627590605600551;0,366127588035359;0,165;0,128;1
"Car6";0,0697744331688925;-3,76716777899754;0,907;0,936;1
"Scgb2b26";0,1139344080833;-3,54712127682849;0,939;0,949;1
"Gm12888";0,122883699316964;-0,906815937206544;0,079;0,105;1
"Wfdc2";0,149430893607883;-0,725913429521341;0,839;0,739;1
"Gdpd1";0,177261630136812;-0,4058560965573;0,265;0,275;1
"Mt1";0,203173740384209;-0,647339229453134;0,971;0,952;1
"Prol1";0,25447247012814;-2,25884295832937;1;0,996;1
"Ckmt1";0,374012367761719;-0,332040847004699;0,828;0,763;1
"Tspan8";0,446185092297277;-0,308683502786956;0,71;0,585;1
"Atp6ap2";0,652412726692853;-0,2684017686155;0,656;0,606;1
"Scgb1b27";0,671691735458396;-4,09726704623004;1;0,999;1
"Mia";0,697677758686928;-0,29273177453237;0,186;0,185;1
"Stxbp6";0,757663602980377;-0,322119736937614;0,491;0,43;1
"Ifi27l2a";0,77689624941816;-0,457301687312096;0,763;0,767;1
"Mucl2";0,804742254438313;-3,32946434448215;1;1;1
"Calm1";0,883446942435894;-0,270821348243167;0,946;0,928;1
